DATE,SITE,OBSERVER,TREATMENT,TRANSECT,DISTANCE,SPECIES,FOCAL,ANIMAL-DISPERSED,NOTES
5/22/2021,W2A,Enrique,FIRE,W2A.1,12,Liquidambar styraciflua,N,ANEMOCHORY,
5/22/2021,W2A,Pierce,FIRE,W2A.2,4,Liquidambar styraciflua,N,ANEMOCHORY,
5/22/2021,W2A,Pierce,FIRE,W2A.2,5,Liquidambar styraciflua,N,ANEMOCHORY,
5/22/2021,W2A,Pierce,FIRE,W2A.2,30,Liquidambar styraciflua,N,ANEMOCHORY,
5/22/2021,WZ2,Pierce,FIRE,WZ2.2,8,Liquidambar styraciflua,N,ANEMOCHORY,
5/22/2021,WZ2,Pierce,FIRE,WZ2.2,19,Liquidambar styraciflua,N,ANEMOCHORY,
5/22/2021,WZ2,Pierce,FIRE,WZ2.2,24,Liquidambar styraciflua,N,ANEMOCHORY,
5/22/2021,WZ2,Pierce,FIRE,WZ2.2,26,Liquidambar styraciflua,N,ANEMOCHORY,
5/22/2021,WZ2,Pierce,FIRE,WZ2.2,28,Liquidambar styraciflua,N,ANEMOCHORY,
5/22/2021,WZ2,Pierce,FIRE,WZ2.2,30,Liquidambar styraciflua,N,ANEMOCHORY,
9/2/2020,NSTODD,MASON,CONTROL,NSTODD.2,12,Liquidambar styraciflua,N,ANEMOCHORY,Date is inferred
9/2/2020,NSTODD,MASON,CONTROL,NSTODD.2,20,Liquidambar styraciflua,N,ANEMOCHORY,Date is inferred
5/22/2021,W2A,Ellora,FIRE,W2A.3,11,Liquidambar styraciflua,N,ANEMOCHORY,
5/22/2021,W2A,Ellora,FIRE,W2A.3,19,Liquidambar styraciflua,N,ANEMOCHORY,
5/22/2021,W2A,Ellora,FIRE,W2A.3,23,Liquidambar styraciflua,N,ANEMOCHORY,
5/22/2021,W2A,Ellora,FIRE,W2A.3,24,Liquidambar styraciflua,N,ANEMOCHORY,
5/22/2021,W2A,Ellora,FIRE,W2A.3,26,Liquidambar styraciflua,N,ANEMOCHORY,
5/22/2021,W2A,Ellora,FIRE,W2A.3,27,Liquidambar styraciflua,N,ANEMOCHORY,
5/22/2021,W2A,Ellora,FIRE,W2A.3,30,Liquidambar styraciflua,N,ANEMOCHORY,
5/22/2021,W2C,Ellora,FIRE,W2C.3,7,Paspalum sp.,N,ANEMOCHORY,
5/22/2021,W2A,Enrique,FIRE,W2A.1,3,Pityopsis graminifolia,N,ANEMOCHORY,
5/22/2021,W2A,Enrique,FIRE,W2A.1,13,Pityopsis graminifolia,N,ANEMOCHORY,
5/22/2021,W2A,Enrique,FIRE,W2A.1,14,Pityopsis graminifolia,N,ANEMOCHORY,
5/22/2021,W2A,Enrique,FIRE,W2A.1,17,Pityopsis graminifolia,N,ANEMOCHORY,
5/22/2021,W2C,Enrique,FIRE,W2C.1,0,Pityopsis graminifolia,N,ANEMOCHORY,
5/22/2021,W2C,Enrique,FIRE,W2C.1,2,Pityopsis graminifolia,N,ANEMOCHORY,
5/22/2021,W2C,Enrique,FIRE,W2C.1,4,Pityopsis graminifolia,N,ANEMOCHORY,
5/22/2021,W2C,Enrique,FIRE,W2C.1,8,Pityopsis graminifolia,N,ANEMOCHORY,
5/22/2021,W2C,Enrique,FIRE,W2C.1,9,Pityopsis graminifolia,N,ANEMOCHORY,
5/22/2021,W2C,Enrique,FIRE,W2C.1,13,Pityopsis graminifolia,N,ANEMOCHORY,
5/22/2021,W2C,Enrique,FIRE,W2C.1,14,Pityopsis graminifolia,N,ANEMOCHORY,
5/22/2021,W2C,Enrique,FIRE,W2C.1,17,Pityopsis graminifolia,N,ANEMOCHORY,
5/22/2021,W2C,Enrique,FIRE,W2C.1,18,Pityopsis graminifolia,N,ANEMOCHORY,
5/22/2021,W2C,Enrique,FIRE,W2C.1,19,Pityopsis graminifolia,N,ANEMOCHORY,
5/22/2021,W2C,Enrique,FIRE,W2C.1,21,Pityopsis graminifolia,N,ANEMOCHORY,
5/22/2021,W2C,Enrique,FIRE,W2C.1,22,Pityopsis graminifolia,N,ANEMOCHORY,
5/22/2021,W2C,Enrique,FIRE,W2C.1,23,Pityopsis graminifolia,N,ANEMOCHORY,
5/22/2021,W2C,Enrique,FIRE,W2C.1,24,Pityopsis graminifolia,N,ANEMOCHORY,
5/22/2021,W2C,Enrique,FIRE,W2C.1,25,Pityopsis graminifolia,N,ANEMOCHORY,
5/22/2021,W2C,Enrique,FIRE,W2C.1,26,Pityopsis graminifolia,N,ANEMOCHORY,
5/22/2021,W2C,Enrique,FIRE,W2C.1,27,Pityopsis graminifolia,N,ANEMOCHORY,
5/22/2021,W2C,Enrique,FIRE,W2C.1,28,Pityopsis graminifolia,N,ANEMOCHORY,
5/22/2021,WZ2,Stuart ,FIRE,WZ2.1,0,Pityopsis graminifolia,N,ANEMOCHORY,
5/22/2021,WZ2,Stuart ,FIRE,WZ2.1,1,Pityopsis graminifolia,N,ANEMOCHORY,
5/22/2021,WZ2,Stuart ,FIRE,WZ2.1,2,Pityopsis graminifolia,N,ANEMOCHORY,
5/22/2021,WZ2,Stuart ,FIRE,WZ2.1,3,Pityopsis graminifolia,N,ANEMOCHORY,
5/22/2021,WZ2,Stuart ,FIRE,WZ2.1,6,Pityopsis graminifolia,N,ANEMOCHORY,
5/22/2021,WZ2,Stuart ,FIRE,WZ2.1,7,Pityopsis graminifolia,N,ANEMOCHORY,
5/22/2021,WZ2,Stuart ,FIRE,WZ2.1,8,Pityopsis graminifolia,N,ANEMOCHORY,
5/22/2021,WZ2,Stuart ,FIRE,WZ2.1,9,Pityopsis graminifolia,N,ANEMOCHORY,
5/22/2021,WZ2,Stuart ,FIRE,WZ2.1,15,Pityopsis graminifolia,N,ANEMOCHORY,
5/22/2021,WZ2,Stuart ,FIRE,WZ2.1,16,Pityopsis graminifolia,N,ANEMOCHORY,
5/22/2021,WZ2,Stuart ,FIRE,WZ2.1,17,Pityopsis graminifolia,N,ANEMOCHORY,
5/22/2021,WZ2,Stuart ,FIRE,WZ2.1,22,Pityopsis graminifolia,N,ANEMOCHORY,
5/22/2021,WZ2,Stuart ,FIRE,WZ2.1,28,Pityopsis graminifolia,N,ANEMOCHORY,
5/22/2021,W2A,Pierce,FIRE,W2A.2,15,Pityopsis graminifolia,N,ANEMOCHORY,
5/22/2021,W2A,Pierce,FIRE,W2A.2,30,Pityopsis graminifolia,N,ANEMOCHORY,
5/22/2021,WZ2,Pierce,FIRE,WZ2.2,15,Pityopsis graminifolia,N,ANEMOCHORY,
5/22/2021,WZ2,Pierce,FIRE,WZ2.2,17,Pityopsis graminifolia,N,ANEMOCHORY,
5/22/2021,WZ2,Walford,FIRE,WZ2.3,11,Pityopsis graminifolia,N,ANEMOCHORY,
5/22/2021,WZ2,Walford,FIRE,WZ2.3,17,Pityopsis graminifolia,N,ANEMOCHORY,
5/22/2021,WZ2,Walford,FIRE,WZ2.3,25,Pityopsis graminifolia,N,ANEMOCHORY,
5/22/2021,W2A,Pierce,FIRE,W2A.2,17,Pityopsis graminifolia,N,ANEMOCHORY,
5/22/2021,W2A,Pierce,FIRE,W2A.2,18,Pityopsis graminifolia,N,ANEMOCHORY,
5/22/2021,W2A,Pierce,FIRE,W2A.2,19,Pityopsis graminifolia,N,ANEMOCHORY,
5/22/2021,W2A,Pierce,FIRE,W2A.2,20,Pityopsis graminifolia,N,ANEMOCHORY,
5/22/2021,W2A,Pierce,FIRE,W2A.2,22,Pityopsis graminifolia,N,ANEMOCHORY,
5/22/2021,W2A,Pierce,FIRE,W2A.2,23,Pityopsis graminifolia,N,ANEMOCHORY,
5/22/2021,W2A,Pierce,FIRE,W2A.2,24,Pityopsis graminifolia,N,ANEMOCHORY,
5/22/2021,W2A,Pierce,FIRE,W2A.2,26,Pityopsis graminifolia,N,ANEMOCHORY,
5/22/2021,WZ2,Pierce,FIRE,WZ2.2,0,Pityopsis graminifolia,N,ANEMOCHORY,
5/22/2021,WZ2,Pierce,FIRE,WZ2.2,11,Pityopsis graminifolia,N,ANEMOCHORY,
5/22/2021,W2A,Pierce,FIRE,W2A.2,11,Pityopsis graminifolia,N,ANEMOCHORY,
5/22/2021,W2A,Pierce,FIRE,W2A.2,14,Pityopsis graminifolia,N,ANEMOCHORY,
5/22/2021,W2A,Pierce,FIRE,W2A.2,15,Pityopsis graminifolia,N,ANEMOCHORY,
5/22/2021,W2A,Pierce,FIRE,W2A.2,16,Pityopsis graminifolia,N,ANEMOCHORY,
5/22/2021,W2C,Ellora,FIRE,W2C.3,5,Pityopsis graminifolia,N,ANEMOCHORY,
5/22/2021,W2C,Ellora,FIRE,W2C.3,25,Pityopsis graminifolia,N,ANEMOCHORY,
5/22/2021,W2A,Ellora,FIRE,W2A.3,6,Solidago canadensis,N,ANEMOCHORY,
5/22/2021,W2A,Ellora,FIRE,W2A.3,10,Solidago canadensis,N,ANEMOCHORY,
5/22/2021,W2A,Ellora,FIRE,W2A.3,14,Solidago canadensis,N,ANEMOCHORY,
5/22/2021,W2A,Enrique,FIRE,W2A.1,4,Solidago sp.,N,ANEMOCHORY,
5/22/2021,W2A,Enrique,FIRE,W2A.1,5,Solidago sp.,N,ANEMOCHORY,
5/22/2021,W2A,Enrique,FIRE,W2A.1,7,Solidago sp.,N,ANEMOCHORY,
5/22/2021,WZ2,Stuart ,FIRE,WZ2.1,13,Solidago sp.,N,ANEMOCHORY,
5/22/2021,WZ2,Stuart ,FIRE,WZ2.1,18,Solidago sp.,N,ANEMOCHORY,
5/22/2021,WZ2,Walford,FIRE,WZ2.3,26,Unknown aster,N,ANEMOCHORY,
5/22/2021,W75,Enrique,CONTROL,W75.1,28,Campsis radicans,N,ANEMOCHORY,
5/22/2021,W75,Enrique,CONTROL,W75.1,29,Campsis radicans,N,ANEMOCHORY,
5/22/2021,W75,Pierce,CONTROL,W75.2,29,Campsis radicans,N,ANEMOCHORY,
5/22/2021,W75,Walford,CONTROL,W75.4,10,Campsis radicans,N,ANEMOCHORY,
9/2/2020,NSTODD,MASON,CONTROL,NSTODD.1,17,Campsis radicans,N,ANEMOCHORY,Date is inferred
9/2/2020,NSTODD,MASON,CONTROL,NSTODD.3,11,Campsis radicans,N,ANEMOCHORY,Date is inferred
5/22/2021,W75,Ellora,CONTROL,W75.3,28,Campsis radicans,N,ANEMOCHORY,
5/22/2021,W75,Ellora,CONTROL,W75.3,29,Campsis radicans,N,ANEMOCHORY,
5/22/2021,W2C,Enrique,FIRE,W2C.1,11,Conyza canadensis,N,ANEMOCHORY,
5/22/2021,W2C,Enrique,FIRE,W2C.1,16,Conyza canadensis,N,ANEMOCHORY,
5/22/2021,W2C,Enrique,FIRE,W2C.1,17,Conyza canadensis,N,ANEMOCHORY,
5/22/2021,W2C,Enrique,FIRE,W2C.1,18,Conyza canadensis,N,ANEMOCHORY,
5/22/2021,W2C,Enrique,FIRE,W2C.1,21,Conyza canadensis,N,ANEMOCHORY,
5/22/2021,W2C,Enrique,FIRE,W2C.1,26,Conyza canadensis,N,ANEMOCHORY,
5/22/2021,W2C,Enrique,FIRE,W2C.1,29,Conyza canadensis,N,ANEMOCHORY,
5/22/2021,WZ2,Walford,FIRE,WZ2.3,13,Elephantopus sp.,N,ANEMOCHORY,
5/22/2021,WZ2,Pierce,FIRE,WZ2.2,10,Elephantopus sp.,N,ANEMOCHORY,
5/22/2021,W2C,Ellora,FIRE,W2C.3,15,Elephantopus sp.,N,ANEMOCHORY,
5/22/2021,WZ2,Stuart ,FIRE,WZ2.1,23,Elephantopus sp.,N,ANEMOCHORY,
5/22/2021,W2A,Pierce,FIRE,W2A.2,29,Elephantopus sp.,N,ANEMOCHORY,
5/22/2021,W2C,Walford,FIRE,W2C.2,19,Elephantopus sp.,N,ANEMOCHORY,
5/22/2021,W2A,Ellora,FIRE,W2A.3,22,Eupatorium capillifolium,N,ANEMOCHORY,
5/22/2021,WZ2,Pierce,FIRE,WZ2.2,5,Eupatorium capillifolium,N,ANEMOCHORY,
5/22/2021,W75,Enrique,CONTROL,W75.1,9,Gelsemium sempervirens,N,ANEMOCHORY,
5/22/2021,W75,Enrique,CONTROL,W75.1,10,Gelsemium sempervirens,N,ANEMOCHORY,
5/22/2021,W75,Enrique,CONTROL,W75.1,16,Gelsemium sempervirens,N,ANEMOCHORY,
5/22/2021,W75,Enrique,CONTROL,W75.1,17,Gelsemium sempervirens,N,ANEMOCHORY,
5/22/2021,W75,Enrique,CONTROL,W75.1,18,Gelsemium sempervirens,N,ANEMOCHORY,
9/2/2020,NSTODD,MASON,CONTROL,NSTODD.3,0,Gelsemium sempervirens,N,ANEMOCHORY,Date is inferred
9/2/2020,NSTODD,MASON,CONTROL,NSTODD.3,0,Gelsemium sempervirens,N,ANEMOCHORY,Date is inferred
9/2/2020,NSTODD,MASON,CONTROL,NSTODD.3,1,Gelsemium sempervirens,N,ANEMOCHORY,Date is inferred
9/2/2020,NSTODD,MASON,CONTROL,NSTODD.3,2,Gelsemium sempervirens,N,ANEMOCHORY,Date is inferred
9/2/2020,NSTODD,MASON,CONTROL,NSTODD.3,3,Gelsemium sempervirens,N,ANEMOCHORY,Date is inferred
9/2/2020,NSTODD,MASON,CONTROL,NSTODD.3,4,Gelsemium sempervirens,N,ANEMOCHORY,Date is inferred
9/2/2020,NSTODD,MASON,CONTROL,NSTODD.3,5,Gelsemium sempervirens,N,ANEMOCHORY,Date is inferred
9/2/2020,NSTODD,MASON,CONTROL,NSTODD.3,6,Gelsemium sempervirens,N,ANEMOCHORY,Date is inferred
5/22/2021,W75,Pierce,CONTROL,W75.2,27,Gelsemium sempervirens,N,ANEMOCHORY,
5/22/2021,W75,Pierce,CONTROL,W75.2,28,Gelsemium sempervirens,N,ANEMOCHORY,
5/22/2021,W75,Walford,CONTROL,W75.4,14,Gelsemium sempervirens,N,ANEMOCHORY,
5/22/2021,W75,Ellora,CONTROL,W75.3,9,Gelsemium sempervirens,N,ANEMOCHORY,
5/22/2021,W75,Ellora,CONTROL,W75.3,10,Gelsemium sempervirens,N,ANEMOCHORY,
5/22/2021,W75,Ellora,CONTROL,W75.3,16,Gelsemium sempervirens,N,ANEMOCHORY,
5/22/2021,W75,Ellora,CONTROL,W75.3,17,Gelsemium sempervirens,N,ANEMOCHORY,
5/22/2021,W75,Ellora,CONTROL,W75.3,18,Gelsemium sempervirens,N,ANEMOCHORY,
5/22/2021,W2A,Enrique,FIRE,W2A.1,20,Helianthus sp.,N,ANEMOCHORY,
5/22/2021,W2A,Enrique,FIRE,W2A.1,23,Helianthus sp.,N,ANEMOCHORY,
5/22/2021,W2A,Enrique,FIRE,W2A.1,29,Helianthus sp.,N,ANEMOCHORY,
5/22/2021,W2C,Ellora,FIRE,W2C.3,13,Helianthus sp.,N,ANEMOCHORY,
5/22/2021,W2C,Ellora,FIRE,W2C.3,18,Helianthus sp.,N,ANEMOCHORY,
5/22/2021,W2C,Ellora,FIRE,W2C.3,20,Helianthus sp.,N,ANEMOCHORY,
5/22/2021,W2C,Walford,FIRE,W2C.2,26,Chamaecrista fasciculata,Y,DYSZOOCHORY,
5/22/2021,W75,Pierce,CONTROL,W75.2,6,Chasmanthium sp.,N,DYSZOOCHORY,
5/22/2021,W75,Ellora,CONTROL,W75.3,25,Chasmanthium sp.,N,DYSZOOCHORY,
5/22/2021,W2A,Pierce,FIRE,W2A.2,7,Lespedeza sp.,N,DYSZOOCHORY,check dispersal
5/22/2021,WZ2,Pierce,FIRE,WZ2.2,17,Lespedeza sp.,N,DYSZOOCHORY,check dispersal
5/22/2021,W2C,Ellora,FIRE,W2C.3,4,Lespedeza sp.,N,DYSZOOCHORY,check dispersal
5/22/2021,W2C,Ellora,FIRE,W2C.3,6,Lespedeza sp.,N,DYSZOOCHORY,check dispersal
5/22/2021,W2A,Pierce,FIRE,W2A.2,23,Tephrosia virginiana,N,DYSZOOCHORY,
9/2/2020,NSTODD,MASON,CONTROL,NSTODD.2,18,Callicarpa americana,Y,ENDOZOOCHORY,Date is inferred
9/2/2020,NSTODD,MASON,CONTROL,NSTODD.3,15,Callicarpa americana,Y,ENDOZOOCHORY,Date is inferred
9/2/2020,NSTODD,MASON,CONTROL,NSTODD.3,26,Callicarpa americana,Y,ENDOZOOCHORY,Date is inferred
5/22/2021,W2A,Enrique,FIRE,W2A.1,19,Callicarpa americana,Y,ENDOZOOCHORY,
5/22/2021,W2C,Walford,FIRE,W2C.2,25,Callicarpa americana,Y,ENDOZOOCHORY,
5/22/2021,W2A,Ellora,FIRE,W2A.3,9,Diospyros virginiana,N,ENDOZOOCHORY,
5/22/2021,W2C,Enrique,FIRE,W2C.1,29,Diospyros virginiana,N,ENDOZOOCHORY,
5/22/2021,WZ2,Walford,FIRE,WZ2.3,27,Ilex opaca,N,ENDOZOOCHORY,
5/22/2021,WZ2,Walford,FIRE,WZ2.3,28,Ilex opaca,N,ENDOZOOCHORY,
5/22/2021,WZ2,Walford,FIRE,WZ2.3,29,Ilex opaca,N,ENDOZOOCHORY,
5/22/2021,W2C,Walford,FIRE,W2C.2,30,Ilex opaca,N,ENDOZOOCHORY,
5/22/2021,W2A,Enrique,FIRE,W2A.1,20,Ilex opaca,N,ENDOZOOCHORY,
9/2/2020,NSTODD,MASON,CONTROL,NSTODD.1,23,Ilex opaca,N,ENDOZOOCHORY,Date is inferred
9/2/2020,NSTODD,MASON,CONTROL,NSTODD.2,1,Ilex opaca,N,ENDOZOOCHORY,Date is inferred
9/2/2020,NSTODD,MASON,CONTROL,NSTODD.1,9,Mitchella repens,N,ENDOZOOCHORY,Date is inferred
9/2/2020,NSTODD,MASON,CONTROL,NSTODD.1,11,Mitchella repens,N,ENDOZOOCHORY,Date is inferred
9/2/2020,NSTODD,MASON,CONTROL,NSTODD.1,12,Mitchella repens,N,ENDOZOOCHORY,Date is inferred
9/2/2020,NSTODD,MASON,CONTROL,NSTODD.1,14,Mitchella repens,N,ENDOZOOCHORY,Date is inferred
9/2/2020,NSTODD,MASON,CONTROL,NSTODD.1,15,Mitchella repens,N,ENDOZOOCHORY,Date is inferred
9/2/2020,NSTODD,MASON,CONTROL,NSTODD.1,16,Mitchella repens,N,ENDOZOOCHORY,Date is inferred
9/2/2020,NSTODD,MASON,CONTROL,NSTODD.1,25,Mitchella repens,N,ENDOZOOCHORY,Date is inferred
9/2/2020,NSTODD,MASON,CONTROL,NSTODD.1,26,Mitchella repens,N,ENDOZOOCHORY,Date is inferred
9/2/2020,NSTODD,MASON,CONTROL,NSTODD.1,27,Mitchella repens,N,ENDOZOOCHORY,Date is inferred
9/2/2020,NSTODD,MASON,CONTROL,NSTODD.1,28,Mitchella repens,N,ENDOZOOCHORY,Date is inferred
9/2/2020,NSTODD,MASON,CONTROL,NSTODD.1,29,Mitchella repens,N,ENDOZOOCHORY,Date is inferred
9/2/2020,NSTODD,MASON,CONTROL,NSTODD.1,30,Mitchella repens,N,ENDOZOOCHORY,Date is inferred
9/2/2020,NSTODD,MASON,CONTROL,NSTODD.2,11,Mitchella repens,N,ENDOZOOCHORY,Date is inferred
9/2/2020,NSTODD,MASON,CONTROL,NSTODD.2,14,Mitchella repens,N,ENDOZOOCHORY,Date is inferred
9/2/2020,NSTODD,MASON,CONTROL,NSTODD.2,17,Mitchella repens,N,ENDOZOOCHORY,Date is inferred
9/2/2020,NSTODD,MASON,CONTROL,NSTODD.2,26,Mitchella repens,N,ENDOZOOCHORY,Date is inferred
9/2/2020,NSTODD,MASON,CONTROL,NSTODD.2,29,Mitchella repens,N,ENDOZOOCHORY,Date is inferred
9/2/2020,NSTODD,MASON,CONTROL,NSTODD.3,22,Mitchella repens,N,ENDOZOOCHORY,Date is inferred
9/2/2020,NSTODD,MASON,CONTROL,NSTODD.3,23,Mitchella repens,N,ENDOZOOCHORY,Date is inferred
9/2/2020,NSTODD,MASON,CONTROL,NSTODD.3,24,Mitchella repens,N,ENDOZOOCHORY,Date is inferred
5/22/2021,W75,Walford,CONTROL,W75.4,11,Mitchella repens,N,ENDOZOOCHORY,
5/22/2021,W75,Walford,CONTROL,W75.4,5,Mitchella repens,N,ENDOZOOCHORY,
5/22/2021,W75,Walford,CONTROL,W75.4,4,Mitchella repens,N,ENDOZOOCHORY,
9/2/2020,NSTODD,MASON,CONTROL,NSTODD.3,27,Parthenocissus quinquefolia,N,ENDOZOOCHORY,Date is inferred
9/2/2020,NSTODD,MASON,CONTROL,NSTODD.2,3,Prunus serotina,N,ENDOZOOCHORY,Date is inferred
5/22/2021,W75,Ellora,CONTROL,W75.3,19,Prunus sp.,N,ENDOZOOCHORY,
5/22/2021,W75,Ellora,CONTROL,W75.3,20,Prunus sp.,N,ENDOZOOCHORY,
5/22/2021,W75,Ellora,CONTROL,W75.3,24,Prunus sp.,N,ENDOZOOCHORY,
5/22/2021,W75,Enrique,CONTROL,W75.1,19,Prunus sp.,N,ENDOZOOCHORY,
5/22/2021,W75,Enrique,CONTROL,W75.1,20,Prunus sp.,N,ENDOZOOCHORY,
5/22/2021,W75,Enrique,CONTROL,W75.1,24,Prunus sp.,N,ENDOZOOCHORY,
5/22/2021,W2A,Ellora,FIRE,W2A.3,2,Rhus copallinum,Y,ENDOZOOCHORY,
5/22/2021,W2A,Ellora,FIRE,W2A.3,5,Rhus copallinum,Y,ENDOZOOCHORY,
5/22/2021,W2A,Ellora,FIRE,W2A.3,6,Rhus copallinum,Y,ENDOZOOCHORY,
5/22/2021,W2A,Ellora,FIRE,W2A.3,12,Rhus copallinum,Y,ENDOZOOCHORY,
5/22/2021,W2A,Ellora,FIRE,W2A.3,17,Rhus copallinum,Y,ENDOZOOCHORY,
5/22/2021,W2A,Ellora,FIRE,W2A.3,22,Rhus copallinum,Y,ENDOZOOCHORY,
5/22/2021,W2A,Enrique,FIRE,W2A.1,8,Rhus sp.,Y,ENDOZOOCHORY,
5/22/2021,W2A,Enrique,FIRE,W2A.1,12,Rhus sp.,Y,ENDOZOOCHORY,
5/22/2021,W2A,Enrique,FIRE,W2A.1,17,Rhus sp.,Y,ENDOZOOCHORY,
5/22/2021,W2A,Enrique,FIRE,W2A.1,18,Rhus sp.,Y,ENDOZOOCHORY,
5/22/2021,W2A,Enrique,FIRE,W2A.1,21,Rhus sp.,Y,ENDOZOOCHORY,
5/22/2021,WZ2,Stuart ,FIRE,WZ2.1,6,Rhus sp.,Y,ENDOZOOCHORY,
5/22/2021,WZ2,Stuart ,FIRE,WZ2.1,14,Rhus sp.,Y,ENDOZOOCHORY,
5/22/2021,WZ2,Stuart ,FIRE,WZ2.1,15,Rhus sp.,Y,ENDOZOOCHORY,
5/22/2021,WZ2,Stuart ,FIRE,WZ2.1,18,Rhus sp.,Y,ENDOZOOCHORY,
5/22/2021,WZ2,Stuart ,FIRE,WZ2.1,22,Rhus sp.,Y,ENDOZOOCHORY,
5/22/2021,WZ2,Stuart ,FIRE,WZ2.1,24,Rhus sp.,Y,ENDOZOOCHORY,
5/22/2021,WZ2,Pierce,FIRE,WZ2.2,10,Rhus sp.,Y,ENDOZOOCHORY,
5/22/2021,WZ2,Pierce,FIRE,WZ2.2,21,Rhus sp.,Y,ENDOZOOCHORY,
5/22/2021,WZ2,Pierce,FIRE,WZ2.2,27,Rhus sp.,Y,ENDOZOOCHORY,
5/22/2021,W2C,Enrique,FIRE,W2C.1,20,Rhus sp.,Y,ENDOZOOCHORY,
5/22/2021,W2C,Walford,FIRE,W2C.2,8,Rhus sp.,Y,ENDOZOOCHORY,
5/22/2021,W2C,Walford,FIRE,W2C.2,9,Rhus sp.,Y,ENDOZOOCHORY,
5/22/2021,W2C,Ellora,FIRE,W2C.3,3,Rhus sp.,Y,ENDOZOOCHORY,
5/22/2021,W2C,Ellora,FIRE,W2C.3,4,Rhus sp.,Y,ENDOZOOCHORY,
5/22/2021,W2C,Ellora,FIRE,W2C.3,12,Rhus sp.,Y,ENDOZOOCHORY,
5/22/2021,W2C,Ellora,FIRE,W2C.3,21,Rhus sp.,Y,ENDOZOOCHORY,
5/22/2021,WZ2,Walford,FIRE,WZ2.3,26,Rhus sp.,Y,ENDOZOOCHORY,
5/22/2021,W2A,Enrique,FIRE,W2A.1,28,Rosa sp.,Y,ENDOZOOCHORY,
5/22/2021,W2A,Enrique,FIRE,W2A.1,6,Rubus sp.,Y,ENDOZOOCHORY,
5/22/2021,W2A,Enrique,FIRE,W2A.1,7,Rubus sp.,Y,ENDOZOOCHORY,
5/22/2021,W2A,Enrique,FIRE,W2A.1,8,Rubus sp.,Y,ENDOZOOCHORY,
5/22/2021,W2A,Enrique,FIRE,W2A.1,10,Rubus sp.,Y,ENDOZOOCHORY,
5/22/2021,W2A,Enrique,FIRE,W2A.1,13,Rubus sp.,Y,ENDOZOOCHORY,
5/22/2021,W2A,Enrique,FIRE,W2A.1,17,Rubus sp.,Y,ENDOZOOCHORY,
5/22/2021,W2A,Enrique,FIRE,W2A.1,19,Rubus sp.,Y,ENDOZOOCHORY,
5/22/2021,W2A,Pierce,FIRE,W2A.2,0,Rubus sp.,Y,ENDOZOOCHORY,
5/22/2021,W2A,Ellora,FIRE,W2A.3,7,Rubus sp.,Y,ENDOZOOCHORY,
5/22/2021,W2A,Ellora,FIRE,W2A.3,8,Rubus sp.,Y,ENDOZOOCHORY,
5/22/2021,W2A,Ellora,FIRE,W2A.3,21,Rubus sp.,Y,ENDOZOOCHORY,
5/22/2021,WZ2,Stuart ,FIRE,WZ2.1,13,Rubus sp.,Y,ENDOZOOCHORY,
5/22/2021,WZ2,Stuart ,FIRE,WZ2.1,16,Rubus sp.,Y,ENDOZOOCHORY,
5/22/2021,WZ2,Stuart ,FIRE,WZ2.1,24,Rubus sp.,Y,ENDOZOOCHORY,
5/22/2021,WZ2,Stuart ,FIRE,WZ2.1,27,Rubus sp.,Y,ENDOZOOCHORY,
5/22/2021,WZ2,Stuart ,FIRE,WZ2.1,29,Rubus sp.,Y,ENDOZOOCHORY,
5/22/2021,WZ2,Pierce,FIRE,WZ2.2,1,Rubus sp.,Y,ENDOZOOCHORY,
5/22/2021,W2C,Ellora,FIRE,W2C.3,4,Rubus sp.,Y,ENDOZOOCHORY,
5/22/2021,W2C,Ellora,FIRE,W2C.3,6,Rubus sp.,Y,ENDOZOOCHORY,
5/22/2021,W2C,Ellora,FIRE,W2C.3,9,Rubus sp.,Y,ENDOZOOCHORY,
5/22/2021,W2C,Ellora,FIRE,W2C.3,20,Rubus sp.,Y,ENDOZOOCHORY,
5/22/2021,W2A,Enrique,FIRE,W2A.1,11,Sassafras albidum,N,ENDOZOOCHORY,
5/22/2021,W2A,Enrique,FIRE,W2A.1,13,Sassafras albidum,N,ENDOZOOCHORY,
5/22/2021,W2A,Pierce,FIRE,W2A.2,26,Sassafras albidum,N,ENDOZOOCHORY,
5/22/2021,W2A,Ellora,FIRE,W2A.3,2,Sassafras albidum,N,ENDOZOOCHORY,
5/22/2021,W2A,Ellora,FIRE,W2A.3,25,Sassafras albidum,N,ENDOZOOCHORY,
5/22/2021,WZ2,Pierce,FIRE,WZ2.2,3,Sassafras albidum,N,ENDOZOOCHORY,
5/22/2021,WZ2,Pierce,FIRE,WZ2.2,4,Sassafras albidum,N,ENDOZOOCHORY,
5/22/2021,WZ2,Pierce,FIRE,WZ2.2,17,Sassafras albidum,N,ENDOZOOCHORY,
5/22/2021,WZ2,Walford,FIRE,WZ2.3,12,Sida sp.,N,ENDOZOOCHORY,
9/2/2020,NSTODD,MASON,CONTROL,NSTODD.3,10,Smilax glauca,N,ENDOZOOCHORY,Date is inferred
5/22/2021,W75,Enrique,CONTROL,W75.1,15,Smilax sp.,N,ENDOZOOCHORY,
5/22/2021,W75,Enrique,CONTROL,W75.1,17,Smilax sp.,N,ENDOZOOCHORY,
5/22/2021,W75,Enrique,CONTROL,W75.1,18,Smilax sp.,N,ENDOZOOCHORY,
5/22/2021,W75,Enrique,CONTROL,W75.1,21,Smilax sp.,N,ENDOZOOCHORY,
5/22/2021,W75,Enrique,CONTROL,W75.1,27,Smilax sp.,N,ENDOZOOCHORY,
5/22/2021,W75,Enrique,CONTROL,W75.1,28,Smilax sp.,N,ENDOZOOCHORY,
5/22/2021,W75,Enrique,CONTROL,W75.1,29,Smilax sp.,N,ENDOZOOCHORY,
5/22/2021,W75,Enrique,CONTROL,W75.1,30,Smilax sp.,N,ENDOZOOCHORY,
5/22/2021,W75,Pierce,CONTROL,W75.2,9,Smilax sp.,N,ENDOZOOCHORY,
5/22/2021,W75,Pierce,CONTROL,W75.2,14,Smilax sp.,N,ENDOZOOCHORY,
5/22/2021,W75,Pierce,CONTROL,W75.2,15,Smilax sp.,N,ENDOZOOCHORY,
5/22/2021,W75,Pierce,CONTROL,W75.2,16,Smilax sp.,N,ENDOZOOCHORY,
5/22/2021,W75,Pierce,CONTROL,W75.2,18,Smilax sp.,N,ENDOZOOCHORY,
5/22/2021,W75,Pierce,CONTROL,W75.2,30,Smilax sp.,N,ENDOZOOCHORY,
5/22/2021,W75,Ellora,CONTROL,W75.3,15,Smilax sp.,N,ENDOZOOCHORY,
5/22/2021,W75,Ellora,CONTROL,W75.3,17,Smilax sp.,N,ENDOZOOCHORY,
5/22/2021,W75,Ellora,CONTROL,W75.3,18,Smilax sp.,N,ENDOZOOCHORY,
5/22/2021,W75,Ellora,CONTROL,W75.3,21,Smilax sp.,N,ENDOZOOCHORY,
5/22/2021,W75,Ellora,CONTROL,W75.3,27,Smilax sp.,N,ENDOZOOCHORY,
5/22/2021,W75,Ellora,CONTROL,W75.3,28,Smilax sp.,N,ENDOZOOCHORY,
5/22/2021,W75,Ellora,CONTROL,W75.3,29,Smilax sp.,N,ENDOZOOCHORY,
5/22/2021,W75,Ellora,CONTROL,W75.3,30,Smilax sp.,N,ENDOZOOCHORY,
5/22/2021,W75,Walford,CONTROL,W75.4,5,Smilax sp.,N,ENDOZOOCHORY,
5/22/2021,W75,Walford,CONTROL,W75.4,6,Smilax sp.,N,ENDOZOOCHORY,
5/22/2021,W75,Walford,CONTROL,W75.4,8,Smilax sp.,N,ENDOZOOCHORY,
5/22/2021,W75,Walford,CONTROL,W75.4,9,Smilax sp.,N,ENDOZOOCHORY,
5/22/2021,W75,Walford,CONTROL,W75.4,10,Smilax sp.,N,ENDOZOOCHORY,
5/22/2021,W75,Walford,CONTROL,W75.4,13,Smilax sp.,N,ENDOZOOCHORY,
5/22/2021,W75,Walford,CONTROL,W75.4,20,Smilax sp.,N,ENDOZOOCHORY,
5/22/2021,W75,Walford,CONTROL,W75.4,22,Smilax sp.,N,ENDOZOOCHORY,
5/22/2021,W75,Walford,CONTROL,W75.4,23,Smilax sp.,N,ENDOZOOCHORY,
9/2/2020,NSTODD,MASON,CONTROL,NSTODD.1,24,Smilax sp.,N,ENDOZOOCHORY,Date is inferred
9/2/2020,NSTODD,MASON,CONTROL,NSTODD.2,15,Smilax sp.,N,ENDOZOOCHORY,Date is inferred
9/2/2020,NSTODD,MASON,CONTROL,NSTODD.3,9,Smilax sp.,N,ENDOZOOCHORY,Date is inferred
9/2/2020,NSTODD,MASON,CONTROL,NSTODD.3,22,Smilax sp.,N,ENDOZOOCHORY,Date is inferred
9/2/2020,NSTODD,MASON,CONTROL,NSTODD.3,23,Smilax sp.,N,ENDOZOOCHORY,Date is inferred
9/2/2020,NSTODD,MASON,CONTROL,NSTODD.3,29,Smilax sp.,N,ENDOZOOCHORY,Date is inferred
5/22/2021,W2A,Pierce,FIRE,W2A.2,2,Smilax sp.,N,ENDOZOOCHORY,
5/22/2021,W2A,Pierce,FIRE,W2A.2,3,Smilax sp.,N,ENDOZOOCHORY,
5/22/2021,W2A,Pierce,FIRE,W2A.2,8,Smilax sp.,N,ENDOZOOCHORY,
5/22/2021,W2A,Pierce,FIRE,W2A.2,11,Smilax sp.,N,ENDOZOOCHORY,
5/22/2021,W2A,Pierce,FIRE,W2A.2,11,Smilax sp.,N,ENDOZOOCHORY,
5/22/2021,W2A,Pierce,FIRE,W2A.2,13,Smilax sp.,N,ENDOZOOCHORY,
5/22/2021,WZ2,Stuart ,FIRE,WZ2.1,0,Smilax sp.,N,ENDOZOOCHORY,
5/22/2021,WZ2,Stuart ,FIRE,WZ2.1,6,Smilax sp.,N,ENDOZOOCHORY,
5/22/2021,WZ2,Stuart ,FIRE,WZ2.1,17,Smilax sp.,N,ENDOZOOCHORY,
5/22/2021,WZ2,Stuart ,FIRE,WZ2.1,20,Smilax sp.,N,ENDOZOOCHORY,
5/22/2021,WZ2,Stuart ,FIRE,WZ2.1,21,Smilax sp.,N,ENDOZOOCHORY,
5/22/2021,WZ2,Stuart ,FIRE,WZ2.1,22,Smilax sp.,N,ENDOZOOCHORY,
5/22/2021,WZ2,Stuart ,FIRE,WZ2.1,27,Smilax sp.,N,ENDOZOOCHORY,
5/22/2021,WZ2,Stuart ,FIRE,WZ2.1,29,Smilax sp.,N,ENDOZOOCHORY,
5/22/2021,WZ2,Pierce,FIRE,WZ2.2,22,Smilax sp.,N,ENDOZOOCHORY,
5/22/2021,WZ2,Pierce,FIRE,WZ2.2,23,Smilax sp.,N,ENDOZOOCHORY,
5/22/2021,WZ2,Pierce,FIRE,WZ2.2,26,Smilax sp.,N,ENDOZOOCHORY,
5/22/2021,WZ2,Walford,FIRE,WZ2.3,0,Smilax sp.,N,ENDOZOOCHORY,
5/22/2021,WZ2,Walford,FIRE,WZ2.3,3,Smilax sp.,N,ENDOZOOCHORY,
5/22/2021,WZ2,Walford,FIRE,WZ2.3,9,Smilax sp.,N,ENDOZOOCHORY,
5/22/2021,WZ2,Walford,FIRE,WZ2.3,13,Smilax sp.,N,ENDOZOOCHORY,
5/22/2021,WZ2,Walford,FIRE,WZ2.3,14,Smilax sp.,N,ENDOZOOCHORY,
5/22/2021,WZ2,Walford,FIRE,WZ2.3,15,Smilax sp.,N,ENDOZOOCHORY,
5/22/2021,W2C,Enrique,FIRE,W2C.1,5,Smilax sp.,N,ENDOZOOCHORY,
5/22/2021,W2C,Enrique,FIRE,W2C.1,15,Smilax sp.,N,ENDOZOOCHORY,
5/22/2021,W2C,Enrique,FIRE,W2C.1,22,Smilax sp.,N,ENDOZOOCHORY,
5/22/2021,W2C,Walford,FIRE,W2C.2,2,Smilax sp.,N,ENDOZOOCHORY,
5/22/2021,W2C,Walford,FIRE,W2C.2,7,Smilax sp.,N,ENDOZOOCHORY,
5/22/2021,W2C,Walford,FIRE,W2C.2,19,Smilax sp.,N,ENDOZOOCHORY,
5/22/2021,W2C,Walford,FIRE,W2C.2,29,Smilax sp.,N,ENDOZOOCHORY,
5/22/2021,W2C,Ellora,FIRE,W2C.3,9,Smilax sp.,N,ENDOZOOCHORY,
5/22/2021,W2C,Ellora,FIRE,W2C.3,19,Smilax sp.,N,ENDOZOOCHORY,
5/22/2021,W2C,Ellora,FIRE,W2C.3,20,Smilax sp.,N,ENDOZOOCHORY,
5/22/2021,W2C,Ellora,FIRE,W2C.3,24,Smilax sp.,N,ENDOZOOCHORY,
5/22/2021,W2C,Ellora,FIRE,W2C.3,25,Smilax sp.,N,ENDOZOOCHORY,
9/2/2020,NSTODD,MASON,CONTROL,NSTODD.1,13,Toxicodendron radicans,N,ENDOZOOCHORY,Date is inferred
5/22/2021,W75,Pierce,CONTROL,W75.2,5,Toxicodendron radicans,N,ENDOZOOCHORY,
5/22/2021,W75,Pierce,CONTROL,W75.2,8,Toxicodendron radicans,N,ENDOZOOCHORY,
5/22/2021,W75,Pierce,CONTROL,W75.2,9,Toxicodendron radicans,N,ENDOZOOCHORY,
5/22/2021,W75,Walford,CONTROL,W75.4,9,Toxicodendron radicans,N,ENDOZOOCHORY,
5/22/2021,WZ2,Pierce,FIRE,WZ2.2,10,Toxicodendron radicans,N,ENDOZOOCHORY,
5/22/2021,W75,Walford,CONTROL,W75.4,13,Vaccinium sp.,N,ENDOZOOCHORY,
9/2/2020,NSTODD,MASON,CONTROL,NSTODD.3,19,Vaccinium sp.,N,ENDOZOOCHORY,Date is inferred
9/2/2020,NSTODD,MASON,CONTROL,NSTODD.1,1,Vitis rotundifolia,N,ENDOZOOCHORY,Date is inferred
9/2/2020,NSTODD,MASON,CONTROL,NSTODD.1,2,Vitis rotundifolia,N,ENDOZOOCHORY,Date is inferred
9/2/2020,NSTODD,MASON,CONTROL,NSTODD.1,4,Vitis rotundifolia,N,ENDOZOOCHORY,Date is inferred
9/2/2020,NSTODD,MASON,CONTROL,NSTODD.1,7,Vitis rotundifolia,N,ENDOZOOCHORY,Date is inferred
9/2/2020,NSTODD,MASON,CONTROL,NSTODD.1,13,Vitis rotundifolia,N,ENDOZOOCHORY,Date is inferred
9/2/2020,NSTODD,MASON,CONTROL,NSTODD.1,17,Vitis rotundifolia,N,ENDOZOOCHORY,Date is inferred
9/2/2020,NSTODD,MASON,CONTROL,NSTODD.2,9,Vitis rotundifolia,N,ENDOZOOCHORY,Date is inferred
9/2/2020,NSTODD,MASON,CONTROL,NSTODD.2,16,Vitis rotundifolia,N,ENDOZOOCHORY,Date is inferred
9/2/2020,NSTODD,MASON,CONTROL,NSTODD.2,21,Vitis rotundifolia,N,ENDOZOOCHORY,Date is inferred
9/2/2020,NSTODD,MASON,CONTROL,NSTODD.2,22,Vitis rotundifolia,N,ENDOZOOCHORY,Date is inferred
9/2/2020,NSTODD,MASON,CONTROL,NSTODD.2,25,Vitis rotundifolia,N,ENDOZOOCHORY,Date is inferred
9/2/2020,NSTODD,MASON,CONTROL,NSTODD.3,0,Vitis rotundifolia,N,ENDOZOOCHORY,Date is inferred
9/2/2020,NSTODD,MASON,CONTROL,NSTODD.3,4,Vitis rotundifolia,N,ENDOZOOCHORY,Date is inferred
9/2/2020,NSTODD,MASON,CONTROL,NSTODD.3,6,Vitis rotundifolia,N,ENDOZOOCHORY,Date is inferred
9/2/2020,NSTODD,MASON,CONTROL,NSTODD.3,7,Vitis rotundifolia,N,ENDOZOOCHORY,Date is inferred
9/2/2020,NSTODD,MASON,CONTROL,NSTODD.3,8,Vitis rotundifolia,N,ENDOZOOCHORY,Date is inferred
9/2/2020,NSTODD,MASON,CONTROL,NSTODD.3,9,Vitis rotundifolia,N,ENDOZOOCHORY,Date is inferred
9/2/2020,NSTODD,MASON,CONTROL,NSTODD.3,10,Vitis rotundifolia,N,ENDOZOOCHORY,Date is inferred
9/2/2020,NSTODD,MASON,CONTROL,NSTODD.3,11,Vitis rotundifolia,N,ENDOZOOCHORY,Date is inferred
9/2/2020,NSTODD,MASON,CONTROL,NSTODD.3,12,Vitis rotundifolia,N,ENDOZOOCHORY,Date is inferred
9/2/2020,NSTODD,MASON,CONTROL,NSTODD.3,13,Vitis rotundifolia,N,ENDOZOOCHORY,Date is inferred
9/2/2020,NSTODD,MASON,CONTROL,NSTODD.3,14,Vitis rotundifolia,N,ENDOZOOCHORY,Date is inferred
9/2/2020,NSTODD,MASON,CONTROL,NSTODD.3,15,Vitis rotundifolia,N,ENDOZOOCHORY,Date is inferred
9/2/2020,NSTODD,MASON,CONTROL,NSTODD.3,26,Vitis rotundifolia,N,ENDOZOOCHORY,Date is inferred
5/22/2021,W75,Enrique,CONTROL,W75.1,2,Vitis rotundifolia,N,ENDOZOOCHORY,
5/22/2021,W75,Enrique,CONTROL,W75.1,14,Vitis rotundifolia,N,ENDOZOOCHORY,
5/22/2021,W75,Ellora,CONTROL,W75.3,2,Vitis rotundifolia,N,ENDOZOOCHORY,
5/22/2021,W75,Ellora,CONTROL,W75.3,14,Vitis rotundifolia,N,ENDOZOOCHORY,
5/22/2021,W75,Pierce,CONTROL,W75.2,8,Vitis sp.,N,ENDOZOOCHORY,
5/22/2021,W75,Walford,CONTROL,W75.4,8,Vitis sp.,N,ENDOZOOCHORY,
5/22/2021,W2A,Enrique,FIRE,W2A.1,1,Desmodium sp.,N,EPIZOOCHORY,
5/22/2021,W2A,Enrique,FIRE,W2A.1,3,Desmodium sp.,N,EPIZOOCHORY,
5/22/2021,W2A,Enrique,FIRE,W2A.1,4,Desmodium sp.,N,EPIZOOCHORY,
5/22/2021,W2A,Enrique,FIRE,W2A.1,7,Desmodium sp.,N,EPIZOOCHORY,
5/22/2021,W2A,Enrique,FIRE,W2A.1,13,Desmodium sp.,N,EPIZOOCHORY,
5/22/2021,W2A,Enrique,FIRE,W2A.1,14,Desmodium sp.,N,EPIZOOCHORY,
5/22/2021,W2A,Enrique,FIRE,W2A.1,16,Desmodium sp.,N,EPIZOOCHORY,
5/22/2021,W2A,Enrique,FIRE,W2A.1,18,Desmodium sp.,N,EPIZOOCHORY,
5/22/2021,W2A,Enrique,FIRE,W2A.1,23,Desmodium sp.,N,EPIZOOCHORY,
5/22/2021,W2A,Enrique,FIRE,W2A.1,25,Desmodium sp.,N,EPIZOOCHORY,
5/22/2021,W2A,Enrique,FIRE,W2A.1,30,Desmodium sp.,N,EPIZOOCHORY,
5/22/2021,W2A,Pierce,FIRE,W2A.2,1,Desmodium sp.,N,EPIZOOCHORY,
5/22/2021,W2A,Pierce,FIRE,W2A.2,13,Desmodium sp.,N,EPIZOOCHORY,
5/22/2021,W2A,Pierce,FIRE,W2A.2,20,Desmodium sp.,N,EPIZOOCHORY,
5/22/2021,W2A,Ellora,FIRE,W2A.3,4,Desmodium sp.,N,EPIZOOCHORY,
5/22/2021,W2A,Ellora,FIRE,W2A.3,8,Desmodium sp.,N,EPIZOOCHORY,
5/22/2021,W2A,Ellora,FIRE,W2A.3,12,Desmodium sp.,N,EPIZOOCHORY,
5/22/2021,W2A,Ellora,FIRE,W2A.3,14,Desmodium sp.,N,EPIZOOCHORY,
5/22/2021,WZ2,Pierce,FIRE,WZ2.2,11,Desmodium sp.,N,EPIZOOCHORY,
5/22/2021,WZ2,Pierce,FIRE,WZ2.2,12,Desmodium sp.,N,EPIZOOCHORY,
5/22/2021,WZ2,Pierce,FIRE,WZ2.2,16,Desmodium sp.,N,EPIZOOCHORY,
5/22/2021,WZ2,Pierce,FIRE,WZ2.2,18,Desmodium sp.,N,EPIZOOCHORY,
5/22/2021,W2C,Enrique,FIRE,W2C.1,1,Desmodium sp.,N,EPIZOOCHORY,
5/22/2021,W2C,Enrique,FIRE,W2C.1,3,Desmodium sp.,N,EPIZOOCHORY,
5/22/2021,W2C,Enrique,FIRE,W2C.1,5,Desmodium sp.,N,EPIZOOCHORY,
5/22/2021,W2C,Enrique,FIRE,W2C.1,12,Desmodium sp.,N,EPIZOOCHORY,
5/22/2021,W2C,Enrique,FIRE,W2C.1,14,Desmodium sp.,N,EPIZOOCHORY,
5/22/2021,W2C,Enrique,FIRE,W2C.1,18,Desmodium sp.,N,EPIZOOCHORY,
5/22/2021,W2C,Enrique,FIRE,W2C.1,20,Desmodium sp.,N,EPIZOOCHORY,
5/22/2021,W2C,Enrique,FIRE,W2C.1,24,Desmodium sp.,N,EPIZOOCHORY,
5/22/2021,W2C,Enrique,FIRE,W2C.1,25,Desmodium sp.,N,EPIZOOCHORY,
5/22/2021,W2C,Enrique,FIRE,W2C.1,26,Desmodium sp.,N,EPIZOOCHORY,
5/22/2021,W2C,Enrique,FIRE,W2C.1,27,Desmodium sp.,N,EPIZOOCHORY,
5/22/2021,W2C,Enrique,FIRE,W2C.1,29,Desmodium sp.,N,EPIZOOCHORY,
5/22/2021,W2C,Ellora,FIRE,W2C.3,23,Desmodium sp.,N,EPIZOOCHORY,
5/22/2021,W2C,Ellora,FIRE,W2C.3,26,Desmodium sp.,N,EPIZOOCHORY,
5/22/2021,W2C,Ellora,FIRE,W2C.3,30,Desmodium sp.,N,EPIZOOCHORY,
5/22/2021,WZ2,Stuart ,FIRE,WZ2.1,1,Desmodium sp.,N,EPIZOOCHORY,
5/22/2021,WZ2,Stuart ,FIRE,WZ2.1,3,Desmodium sp.,N,EPIZOOCHORY,
5/22/2021,WZ2,Stuart ,FIRE,WZ2.1,5,Desmodium sp.,N,EPIZOOCHORY,
5/22/2021,WZ2,Stuart ,FIRE,WZ2.1,10,Desmodium sp.,N,EPIZOOCHORY,
5/22/2021,WZ2,Stuart ,FIRE,WZ2.1,11,Desmodium sp.,N,EPIZOOCHORY,
5/22/2021,WZ2,Stuart ,FIRE,WZ2.1,12,Desmodium sp.,N,EPIZOOCHORY,
5/22/2021,WZ2,Stuart ,FIRE,WZ2.1,13,Desmodium sp.,N,EPIZOOCHORY,
5/22/2021,WZ2,Stuart ,FIRE,WZ2.1,14,Desmodium sp.,N,EPIZOOCHORY,
5/22/2021,WZ2,Stuart ,FIRE,WZ2.1,16,Desmodium sp.,N,EPIZOOCHORY,
5/22/2021,WZ2,Stuart ,FIRE,WZ2.1,18,Desmodium sp.,N,EPIZOOCHORY,
5/22/2021,WZ2,Stuart ,FIRE,WZ2.1,19,Desmodium sp.,N,EPIZOOCHORY,
5/22/2021,WZ2,Stuart ,FIRE,WZ2.1,20,Desmodium sp.,N,EPIZOOCHORY,
5/22/2021,WZ2,Stuart ,FIRE,WZ2.1,21,Desmodium sp.,N,EPIZOOCHORY,
5/22/2021,WZ2,Stuart ,FIRE,WZ2.1,25,Desmodium sp.,N,EPIZOOCHORY,
5/22/2021,WZ2,Stuart ,FIRE,WZ2.1,26,Desmodium sp.,N,EPIZOOCHORY,
5/22/2021,WZ2,Stuart ,FIRE,WZ2.1,27,Desmodium sp.,N,EPIZOOCHORY,
5/22/2021,W2C,Walford,FIRE,W2C.2,22,Desmodium sp.,N,EPIZOOCHORY,
5/22/2021,W2C,Walford,FIRE,W2C.2,24,Desmodium sp.,N,EPIZOOCHORY,
5/22/2021,W2C,Walford,FIRE,W2C.2,26,Desmodium sp.,N,EPIZOOCHORY,
5/22/2021,W2C,Ellora,FIRE,W2C.3,10,Erythrina herbacea,N,UNDETERMINED,
5/22/2021,WZ2,Walford,FIRE,WZ2.3,26,Cyperaceae sp.,N,MYRMECOCHORY,
5/22/2021,WZ2,Walford,FIRE,WZ2.3,27,Cyperaceae sp.,N,MYRMECOCHORY,
5/22/2021,W2C,Ellora,FIRE,W2C.3,12,Andropogon spp.,N,N,
5/22/2021,W2A,Enrique,FIRE,W2A.1,24,Bare ground,NA,NA,
5/22/2021,W75,Enrique,CONTROL,W75.1,0,Bare ground,NA,NA,
5/22/2021,W75,Enrique,CONTROL,W75.1,1,Bare ground,NA,NA,
5/22/2021,W75,Enrique,CONTROL,W75.1,3,Bare ground,NA,NA,
5/22/2021,W75,Enrique,CONTROL,W75.1,4,Bare ground,NA,NA,
5/22/2021,W75,Enrique,CONTROL,W75.1,5,Bare ground,NA,NA,
5/22/2021,W75,Enrique,CONTROL,W75.1,7,Bare ground,NA,NA,
5/22/2021,W75,Enrique,CONTROL,W75.1,8,Bare ground,NA,NA,
5/22/2021,W75,Enrique,CONTROL,W75.1,11,Bare ground,NA,NA,
5/22/2021,W75,Enrique,CONTROL,W75.1,12,Bare ground,NA,NA,
5/22/2021,W75,Enrique,CONTROL,W75.1,13,Bare ground,NA,NA,
5/22/2021,W75,Enrique,CONTROL,W75.1,22,Bare ground,NA,NA,
5/22/2021,W75,Enrique,CONTROL,W75.1,23,Bare ground,NA,NA,
5/22/2021,W75,Enrique,CONTROL,W75.1,25,Bare ground,NA,NA,
5/22/2021,W75,Enrique,CONTROL,W75.1,26,Bare ground,NA,NA,
5/22/2021,W75,Pierce,CONTROL,W75.2,0,Bare ground,NA,NA,
5/22/2021,W75,Pierce,CONTROL,W75.2,1,Bare ground,NA,NA,
5/22/2021,W75,Pierce,CONTROL,W75.2,2,Bare ground,NA,NA,
5/22/2021,W75,Pierce,CONTROL,W75.2,3,Bare ground,NA,NA,
5/22/2021,W75,Pierce,CONTROL,W75.2,4,Bare ground,NA,NA,
5/22/2021,W75,Pierce,CONTROL,W75.2,7,Bare ground,NA,NA,
5/22/2021,W75,Pierce,CONTROL,W75.2,10,Bare ground,NA,NA,
5/22/2021,W75,Pierce,CONTROL,W75.2,11,Bare ground,NA,NA,
5/22/2021,W75,Pierce,CONTROL,W75.2,12,Bare ground,NA,NA,
5/22/2021,W75,Pierce,CONTROL,W75.2,13,Bare ground,NA,NA,
5/22/2021,W75,Pierce,CONTROL,W75.2,17,Bare ground,NA,NA,
5/22/2021,W75,Pierce,CONTROL,W75.2,20,Bare ground,NA,NA,
5/22/2021,W75,Pierce,CONTROL,W75.2,21,Bare ground,NA,NA,
5/22/2021,W75,Pierce,CONTROL,W75.2,22,Bare ground,NA,NA,
5/22/2021,W75,Pierce,CONTROL,W75.2,23,Bare ground,NA,NA,
5/22/2021,W75,Pierce,CONTROL,W75.2,25,Bare ground,NA,NA,
5/22/2021,W75,Pierce,CONTROL,W75.2,26,Bare ground,NA,NA,
5/22/2021,W75,Ellora,CONTROL,W75.3,0,Bare ground,NA,NA,
5/22/2021,W75,Ellora,CONTROL,W75.3,1,Bare ground,NA,NA,
5/22/2021,W75,Ellora,CONTROL,W75.3,3,Bare ground,NA,NA,
5/22/2021,W75,Ellora,CONTROL,W75.3,4,Bare ground,NA,NA,
5/22/2021,W75,Ellora,CONTROL,W75.3,5,Bare ground,NA,NA,
5/22/2021,W75,Ellora,CONTROL,W75.3,7,Bare ground,NA,NA,
5/22/2021,W75,Ellora,CONTROL,W75.3,8,Bare ground,NA,NA,
5/22/2021,W75,Ellora,CONTROL,W75.3,11,Bare ground,NA,NA,
5/22/2021,W75,Ellora,CONTROL,W75.3,12,Bare ground,NA,NA,
5/22/2021,W75,Ellora,CONTROL,W75.3,13,Bare ground,NA,NA,
5/22/2021,W75,Ellora,CONTROL,W75.3,22,Bare ground,NA,NA,
5/22/2021,W75,Ellora,CONTROL,W75.3,23,Bare ground,NA,NA,
5/22/2021,W75,Ellora,CONTROL,W75.3,26,Bare ground,NA,NA,
5/22/2021,W75,Walford,CONTROL,W75.4,1,Bare ground,NA,NA,
5/22/2021,W75,Walford,CONTROL,W75.4,2,Bare ground,NA,NA,
5/22/2021,W75,Walford,CONTROL,W75.4,3,Bare ground,NA,NA,
5/22/2021,W75,Walford,CONTROL,W75.4,7,Bare ground,NA,NA,
5/22/2021,W75,Walford,CONTROL,W75.4,15,Bare ground,NA,NA,
5/22/2021,W75,Walford,CONTROL,W75.4,16,Bare ground,NA,NA,
5/22/2021,W75,Walford,CONTROL,W75.4,17,Bare ground,NA,NA,
5/22/2021,W75,Walford,CONTROL,W75.4,18,Bare ground,NA,NA,
5/22/2021,W75,Walford,CONTROL,W75.4,19,Bare ground,NA,NA,
5/22/2021,W75,Walford,CONTROL,W75.4,21,Bare ground,NA,NA,
5/22/2021,W75,Walford,CONTROL,W75.4,24,Bare ground,NA,NA,
5/22/2021,W75,Walford,CONTROL,W75.4,26,Bare ground,NA,NA,
5/22/2021,W75,Walford,CONTROL,W75.4,27,Bare ground,NA,NA,
5/22/2021,W75,Walford,CONTROL,W75.4,28,Bare ground,NA,NA,
5/22/2021,W75,Walford,CONTROL,W75.4,30,Bare ground,NA,NA,
9/2/2020,NSTODD,MASON,CONTROL,NSTODD.1,0,Bare ground,NA,NA,Date is inferred
9/2/2020,NSTODD,MASON,CONTROL,NSTODD.1,3,Bare ground,NA,NA,Date is inferred
9/2/2020,NSTODD,MASON,CONTROL,NSTODD.1,5,Bare ground,NA,NA,Date is inferred
9/2/2020,NSTODD,MASON,CONTROL,NSTODD.1,6,Bare ground,NA,NA,Date is inferred
9/2/2020,NSTODD,MASON,CONTROL,NSTODD.1,8,Bare ground,NA,NA,Date is inferred
9/2/2020,NSTODD,MASON,CONTROL,NSTODD.1,18,Bare ground,NA,NA,Date is inferred
9/2/2020,NSTODD,MASON,CONTROL,NSTODD.1,20,Bare ground,NA,NA,Date is inferred
9/2/2020,NSTODD,MASON,CONTROL,NSTODD.1,21,Bare ground,NA,NA,Date is inferred
9/2/2020,NSTODD,MASON,CONTROL,NSTODD.1,22,Bare ground,NA,NA,Date is inferred
9/2/2020,NSTODD,MASON,CONTROL,NSTODD.2,0,Bare ground,NA,NA,Date is inferred
9/2/2020,NSTODD,MASON,CONTROL,NSTODD.2,2,Bare ground,NA,NA,Date is inferred
9/2/2020,NSTODD,MASON,CONTROL,NSTODD.2,4,Bare ground,NA,NA,Date is inferred
9/2/2020,NSTODD,MASON,CONTROL,NSTODD.2,5,Bare ground,NA,NA,Date is inferred
9/2/2020,NSTODD,MASON,CONTROL,NSTODD.2,6,Bare ground,NA,NA,Date is inferred
9/2/2020,NSTODD,MASON,CONTROL,NSTODD.2,7,Bare ground,NA,NA,Date is inferred
9/2/2020,NSTODD,MASON,CONTROL,NSTODD.2,8,Bare ground,NA,NA,Date is inferred
9/2/2020,NSTODD,MASON,CONTROL,NSTODD.2,10,Bare ground,NA,NA,Date is inferred
9/2/2020,NSTODD,MASON,CONTROL,NSTODD.2,13,Bare ground,NA,NA,Date is inferred
9/2/2020,NSTODD,MASON,CONTROL,NSTODD.2,19,Bare ground,NA,NA,Date is inferred
9/2/2020,NSTODD,MASON,CONTROL,NSTODD.2,23,Bare ground,NA,NA,Date is inferred
9/2/2020,NSTODD,MASON,CONTROL,NSTODD.2,27,Bare ground,NA,NA,Date is inferred
9/2/2020,NSTODD,MASON,CONTROL,NSTODD.3,17,Bare ground,NA,NA,Date is inferred
9/2/2020,NSTODD,MASON,CONTROL,NSTODD.3,20,Bare ground,NA,NA,Date is inferred
9/2/2020,NSTODD,MASON,CONTROL,NSTODD.3,25,Bare ground,NA,NA,Date is inferred
9/2/2020,NSTODD,MASON,CONTROL,NSTODD.3,30,Bare ground,NA,NA,Date is inferred
5/22/2021,W2A,Enrique,FIRE,W2A.1,0,Bare ground,NA,NA,
5/22/2021,W2A,Enrique,FIRE,W2A.1,2,Bare ground,NA,NA,
5/22/2021,W2A,Enrique,FIRE,W2A.1,7,Bare ground,NA,NA,
5/22/2021,W2A,Enrique,FIRE,W2A.1,8,Bare ground,NA,NA,
5/22/2021,W2A,Enrique,FIRE,W2A.1,17,Bare ground,NA,NA,
5/22/2021,W2A,Enrique,FIRE,W2A.1,22,Bare ground,NA,NA,
5/22/2021,W2A,Enrique,FIRE,W2A.1,29,Bare ground,NA,NA,
5/22/2021,W2A,Pierce,FIRE,W2A.2,9,Bare ground,NA,NA,
5/22/2021,W2A,Pierce,FIRE,W2A.2,25,Bare ground,NA,NA,
5/22/2021,W2A,Ellora,FIRE,W2A.3,1,Bare ground,NA,NA,
5/22/2021,W2A,Ellora,FIRE,W2A.3,3,Bare ground,NA,NA,
5/22/2021,W2A,Ellora,FIRE,W2A.3,18,Bare ground,NA,NA,
5/22/2021,W2A,Ellora,FIRE,W2A.3,20,Bare ground,NA,NA,
5/22/2021,WZ2,Stuart ,FIRE,WZ2.1,2,Bare ground,NA,NA,
5/22/2021,WZ2,Stuart ,FIRE,WZ2.1,4,Bare ground,NA,NA,
5/22/2021,WZ2,Stuart ,FIRE,WZ2.1,5,Bare ground,NA,NA,
5/22/2021,WZ2,Stuart ,FIRE,WZ2.1,6,Bare ground,NA,NA,
5/22/2021,WZ2,Stuart ,FIRE,WZ2.1,7,Bare ground,NA,NA,
5/22/2021,WZ2,Stuart ,FIRE,WZ2.1,8,Bare ground,NA,NA,
5/22/2021,WZ2,Stuart ,FIRE,WZ2.1,10,Bare ground,NA,NA,
5/22/2021,WZ2,Stuart ,FIRE,WZ2.1,11,Bare ground,NA,NA,
5/22/2021,WZ2,Stuart ,FIRE,WZ2.1,13,Bare ground,NA,NA,
5/22/2021,WZ2,Stuart ,FIRE,WZ2.1,14,Bare ground,NA,NA,
5/22/2021,WZ2,Stuart ,FIRE,WZ2.1,15,Bare ground,NA,NA,
5/22/2021,WZ2,Stuart ,FIRE,WZ2.1,16,Bare ground,NA,NA,
5/22/2021,WZ2,Stuart ,FIRE,WZ2.1,23,Bare ground,NA,NA,
5/22/2021,WZ2,Stuart ,FIRE,WZ2.1,24,Bare ground,NA,NA,
5/22/2021,WZ2,Stuart ,FIRE,WZ2.1,26,Bare ground,NA,NA,
5/22/2021,WZ2,Pierce,FIRE,WZ2.2,2,Bare ground,NA,NA,
5/22/2021,WZ2,Pierce,FIRE,WZ2.2,9,Bare ground,NA,NA,
5/22/2021,WZ2,Pierce,FIRE,WZ2.2,20,Bare ground,NA,NA,
5/22/2021,WZ2,Pierce,FIRE,WZ2.2,25,Bare ground,NA,NA,
5/22/2021,WZ2,Pierce,FIRE,WZ2.2,29,Bare ground,NA,NA,
5/22/2021,WZ2,Walford,FIRE,WZ2.3,5,Bare ground,NA,NA,
5/22/2021,WZ2,Walford,FIRE,WZ2.3,6,Bare ground,NA,NA,
5/22/2021,WZ2,Walford,FIRE,WZ2.3,19,Bare ground,NA,NA,
5/22/2021,WZ2,Walford,FIRE,WZ2.3,24,Bare ground,NA,NA,
5/22/2021,WZ2,Walford,FIRE,WZ2.3,30,Bare ground,NA,NA,
5/22/2021,W2C,Enrique,FIRE,W2C.1,10,Bare ground,NA,NA,
5/22/2021,W2C,Enrique,FIRE,W2C.1,11,Bare ground,NA,NA,
5/22/2021,W2C,Enrique,FIRE,W2C.1,15,Bare ground,NA,NA,
5/22/2021,W2C,Enrique,FIRE,W2C.1,17,Bare ground,NA,NA,
5/22/2021,W2C,Enrique,FIRE,W2C.1,20,Bare ground,NA,NA,
5/22/2021,W2C,Enrique,FIRE,W2C.1,29,Bare ground,NA,NA,
5/22/2021,W2C,Enrique,FIRE,W2C.1,30,Bare ground,NA,NA,
5/22/2021,W2C,Walford,FIRE,W2C.2,0,Bare ground,NA,NA,
5/22/2021,W2C,Walford,FIRE,W2C.2,5,Bare ground,NA,NA,
5/22/2021,W2C,Walford,FIRE,W2C.2,6,Bare ground,NA,NA,
5/22/2021,W2C,Walford,FIRE,W2C.2,10,Bare ground,NA,NA,
5/22/2021,W2C,Walford,FIRE,W2C.2,13,Bare ground,NA,NA,
5/22/2021,W2C,Walford,FIRE,W2C.2,14,Bare ground,NA,NA,
5/22/2021,W2C,Walford,FIRE,W2C.2,17,Bare ground,NA,NA,
5/22/2021,W2C,Walford,FIRE,W2C.2,27,Bare ground,NA,NA,
5/22/2021,W2C,Ellora,FIRE,W2C.3,0,Bare ground,NA,NA,
5/22/2021,W2C,Ellora,FIRE,W2C.3,1,Bare ground,NA,NA,
5/22/2021,W2C,Ellora,FIRE,W2C.3,8,Bare ground,NA,NA,
5/22/2021,W2C,Ellora,FIRE,W2C.3,11,Bare ground,NA,NA,
5/22/2021,W2C,Ellora,FIRE,W2C.3,16,Bare ground,NA,NA,
5/22/2021,W2C,Ellora,FIRE,W2C.3,17,Bare ground,NA,NA,
5/22/2021,W2C,Ellora,FIRE,W2C.3,29,Bare ground,NA,NA,
5/22/2021,WZ2,Stuart ,FIRE,WZ2.1,7,Bare ground,NA,NA,
5/22/2021,W2A,Enrique,FIRE,W2A.1,26,Carya spp.,N,SYNZOOCHORY,
5/22/2021,W75,Walford,CONTROL,W75.4,29,Quercus,N,SYNZOOCHORY,
5/22/2021,WZ2,Walford,FIRE,WZ2.3,1,Quercus alba,N,SYNZOOCHORY,
9/2/2020,NSTODD,MASON,CONTROL,NSTODD.3,26,Quercus laurifolia,N,SYNZOOCHORY,Date is inferred
9/2/2020,NSTODD,MASON,CONTROL,NSTODD.1,15,Quercus nigra,N,SYNZOOCHORY,Date is inferred
9/2/2020,NSTODD,MASON,CONTROL,NSTODD.1,19,Quercus nigra,N,SYNZOOCHORY,Date is inferred
9/2/2020,NSTODD,MASON,CONTROL,NSTODD.1,27,Quercus nigra,N,SYNZOOCHORY,Date is inferred
9/2/2020,NSTODD,MASON,CONTROL,NSTODD.1,28,Quercus nigra,N,SYNZOOCHORY,Date is inferred
9/2/2020,NSTODD,MASON,CONTROL,NSTODD.2,24,Quercus nigra,N,SYNZOOCHORY,Date is inferred
9/2/2020,NSTODD,MASON,CONTROL,NSTODD.2,30,Quercus nigra,N,SYNZOOCHORY,Date is inferred
9/2/2020,NSTODD,MASON,CONTROL,NSTODD.3,9,Quercus nigra,N,SYNZOOCHORY,Date is inferred
9/2/2020,NSTODD,MASON,CONTROL,NSTODD.3,16,Quercus nigra,N,SYNZOOCHORY,Date is inferred
9/2/2020,NSTODD,MASON,CONTROL,NSTODD.3,21,Quercus nigra,N,SYNZOOCHORY,Date is inferred
9/2/2020,NSTODD,MASON,CONTROL,NSTODD.3,28,Quercus nigra,N,SYNZOOCHORY,Date is inferred
5/22/2021,W75,Enrique,CONTROL,W75.1,6,Quercus sp.,N,SYNZOOCHORY,
5/22/2021,W75,Enrique,CONTROL,W75.1,14,Quercus sp.,N,SYNZOOCHORY,
5/22/2021,W75,Enrique,CONTROL,W75.1,18,Quercus sp.,N,SYNZOOCHORY,
5/22/2021,W75,Pierce,CONTROL,W75.2,14,Quercus sp.,N,SYNZOOCHORY,
5/22/2021,W75,Pierce,CONTROL,W75.2,19,Quercus sp.,N,SYNZOOCHORY,
5/22/2021,W75,Pierce,CONTROL,W75.2,24,Quercus sp.,N,SYNZOOCHORY,
5/22/2021,W75,Ellora,CONTROL,W75.3,6,Quercus sp.,N,SYNZOOCHORY,
5/22/2021,W75,Ellora,CONTROL,W75.3,14,Quercus sp.,N,SYNZOOCHORY,
5/22/2021,W75,Ellora,CONTROL,W75.3,18,Quercus sp.,N,SYNZOOCHORY,
5/22/2021,W2A,Enrique,FIRE,W2A.1,5,Quercus sp.,N,SYNZOOCHORY,
5/22/2021,W2A,Enrique,FIRE,W2A.1,7,Quercus sp.,N,SYNZOOCHORY,
5/22/2021,W2A,Enrique,FIRE,W2A.1,9,Quercus sp.,N,SYNZOOCHORY,
5/22/2021,W2A,Enrique,FIRE,W2A.1,21,Quercus sp.,N,SYNZOOCHORY,
5/22/2021,W2A,Pierce,FIRE,W2A.2,10,Quercus sp.,N,SYNZOOCHORY,
5/22/2021,W2A,Pierce,FIRE,W2A.2,12,Quercus sp.,N,SYNZOOCHORY,
5/22/2021,W2A,Pierce,FIRE,W2A.2,21,Quercus sp.,N,SYNZOOCHORY,
5/22/2021,W2A,Pierce,FIRE,W2A.2,28,Quercus sp.,N,SYNZOOCHORY,
5/22/2021,W2A,Pierce,FIRE,W2A.2,29,Quercus sp.,N,SYNZOOCHORY,
5/22/2021,W2A,Pierce,FIRE,W2A.2,30,Quercus sp.,N,SYNZOOCHORY,
5/22/2021,W2A,Ellora,FIRE,W2A.3,4,Quercus sp.,N,SYNZOOCHORY,
5/22/2021,W2A,Ellora,FIRE,W2A.3,7,Quercus sp.,N,SYNZOOCHORY,
5/22/2021,W2A,Ellora,FIRE,W2A.3,29,Quercus sp.,N,SYNZOOCHORY,
5/22/2021,W2A,Ellora,FIRE,W2A.3,30,Quercus sp.,N,SYNZOOCHORY,
5/22/2021,WZ2,Stuart ,FIRE,WZ2.1,25,Quercus sp.,N,SYNZOOCHORY,
5/22/2021,WZ2,Stuart ,FIRE,WZ2.1,30,Quercus sp.,N,SYNZOOCHORY,
5/22/2021,W2C,Enrique,FIRE,W2C.1,13,Quercus sp.,N,SYNZOOCHORY,
5/22/2021,W2C,Ellora,FIRE,W2C.3,9,Quercus sp.,N,SYNZOOCHORY,
5/22/2021,W2C,Ellora,FIRE,W2C.3,10,Quercus sp.,N,SYNZOOCHORY,
5/22/2021,W2C,Ellora,FIRE,W2C.3,14,Quercus sp.,N,SYNZOOCHORY,
5/22/2021,W2C,Ellora,FIRE,W2C.3,26,Quercus sp.,N,SYNZOOCHORY,
5/22/2021,W2C,Ellora,FIRE,W2C.3,27,Quercus sp.,N,SYNZOOCHORY,
5/22/2021,W2C,Ellora,FIRE,W2C.3,28,Quercus sp.,N,SYNZOOCHORY,
5/22/2021,W2A,Ellora,FIRE,W2A.3,13,Dichanthelium sp.,N,UNDETERMINED,
5/22/2021,W2A,Enrique,FIRE,W2A.1,1,Dichanthelium sp.,N,UNDETERMINED,
5/22/2021,W2A,Enrique,FIRE,W2A.1,15,Dichanthelium sp.,N,UNDETERMINED,
5/22/2021,W2A,Enrique,FIRE,W2A.1,27,Dichanthelium sp.,N,UNDETERMINED,
5/22/2021,W2A,Pierce,FIRE,W2A.2,27,Dichanthelium sp.,N,UNDETERMINED,
5/22/2021,WZ2,Pierce,FIRE,WZ2.2,3,Dichanthelium sp.,N,UNDETERMINED,
5/22/2021,WZ2,Pierce,FIRE,WZ2.2,13,Dichanthelium sp.,N,UNDETERMINED,
5/22/2021,WZ2,Walford,FIRE,WZ2.3,10,Dichanthelium sp.,N,UNDETERMINED,
5/22/2021,WZ2,Walford,FIRE,WZ2.3,25,Dichanthelium sp.,N,UNDETERMINED,
5/22/2021,W2C,Enrique,FIRE,W2C.1,7,Dichanthelium sp.,N,UNDETERMINED,
5/22/2021,W2C,Enrique,FIRE,W2C.1,23,Dichanthelium sp.,N,UNDETERMINED,
5/22/2021,W2C,Enrique,FIRE,W2C.1,28,Dichanthelium sp.,N,UNDETERMINED,
5/22/2021,W2C,Ellora,FIRE,W2C.3,2,Dichanthelium sp.,N,UNDETERMINED,
5/22/2021,W2C,Ellora,FIRE,W2C.3,14,Dichanthelium sp.,N,UNDETERMINED,
9/2/2020,NSTODD,MASON,CONTROL,NSTODD.3,18,Dichanthelium sp.,N,UNDETERMINED,Date is inferred
5/22/2021,W2A,Pierce,FIRE,W2A.2,6,Poaceae sp.,N,UNDETERMINED,
5/22/2021,W2A,Pierce,FIRE,W2A.2,11,Poaceae sp.,N,UNDETERMINED,
5/22/2021,W2A,Pierce,FIRE,W2A.2,24,Poaceae sp.,N,UNDETERMINED,
5/22/2021,W2A,Pierce,FIRE,W2A.2,28,Poaceae sp.,N,UNDETERMINED,
5/22/2021,W2A,Ellora,FIRE,W2A.3,0,Poaceae sp.,N,UNDETERMINED,
5/22/2021,W2A,Ellora,FIRE,W2A.3,10,Poaceae sp.,N,UNDETERMINED,
5/22/2021,W2A,Ellora,FIRE,W2A.3,12,Poaceae sp.,N,UNDETERMINED,
5/22/2021,W2A,Ellora,FIRE,W2A.3,15,Poaceae sp.,N,UNDETERMINED,
5/22/2021,W2A,Ellora,FIRE,W2A.3,16,Poaceae sp.,N,UNDETERMINED,
5/22/2021,W2A,Ellora,FIRE,W2A.3,26,Poaceae sp.,N,UNDETERMINED,
5/22/2021,W2A,Ellora,FIRE,W2A.3,28,Poaceae sp.,N,UNDETERMINED,
5/22/2021,WZ2,Pierce,FIRE,WZ2.2,7,Poaceae sp.,N,UNDETERMINED,
5/22/2021,WZ2,Walford,FIRE,WZ2.3,2,Poaceae sp.,N,UNDETERMINED,
5/22/2021,WZ2,Walford,FIRE,WZ2.3,3,Poaceae sp.,N,UNDETERMINED,
5/22/2021,WZ2,Walford,FIRE,WZ2.3,4,Poaceae sp.,N,UNDETERMINED,
5/22/2021,WZ2,Walford,FIRE,WZ2.3,15,Poaceae sp.,N,UNDETERMINED,
5/22/2021,WZ2,Walford,FIRE,WZ2.3,16,Poaceae sp.,N,UNDETERMINED,
5/22/2021,WZ2,Walford,FIRE,WZ2.3,18,Poaceae sp.,N,UNDETERMINED,
5/22/2021,WZ2,Walford,FIRE,WZ2.3,20,Poaceae sp.,N,UNDETERMINED,
5/22/2021,WZ2,Walford,FIRE,WZ2.3,21,Poaceae sp.,N,UNDETERMINED,
5/22/2021,WZ2,Walford,FIRE,WZ2.3,22,Poaceae sp.,N,UNDETERMINED,
5/22/2021,W2C,Walford,FIRE,W2C.2,1,Poaceae sp.,N,UNDETERMINED,
5/22/2021,W2C,Walford,FIRE,W2C.2,16,Poaceae sp.,N,UNDETERMINED,
5/22/2021,W2C,Walford,FIRE,W2C.2,20,Poaceae sp.,N,UNDETERMINED,
5/22/2021,W2C,Walford,FIRE,W2C.2,22,Poaceae sp.,N,UNDETERMINED,
5/22/2021,W2C,Walford,FIRE,W2C.2,23,Poaceae sp.,N,UNDETERMINED,
5/22/2021,W2C,Walford,FIRE,W2C.2,24,Poaceae sp.,N,UNDETERMINED,
5/22/2021,W75,Walford,CONTROL,W75.4,12,Unknown seedling,NA,UNDETERMINED,
5/22/2021,W75,Walford,CONTROL,W75.4,25,Unknown seedling,NA,UNDETERMINED,
5/22/2021,WZ2,Walford,FIRE,WZ2.3,8,Unknown seedling,NA,UNDETERMINED,
5/22/2021,W2C,Walford,FIRE,W2C.2,3,Unknown seedling,NA,UNDETERMINED,
5/22/2021,W2C,Walford,FIRE,W2C.2,21,Unknown seedling,NA,UNDETERMINED,
5/22/2021,W2C,Walford,FIRE,W2C.2,8,Unknown sp. 1,NA,UNDETERMINED,Oaklike
5/22/2021,W2C,Walford,FIRE,W2C.2,11,Unknown sp. 1,NA,UNDETERMINED,Oaklike
5/22/2021,W2C,Walford,FIRE,W2C.2,4,Unknown sp. 2,NA,UNDETERMINED,opp Dis
5/22/2021,W2C,Walford,FIRE,W2C.2,12,Unknown sp. 2,NA,UNDETERMINED,opp Dis
5/22/2021,W2C,Walford,FIRE,W2C.2,15,Unknown sp. 2,NA,UNDETERMINED,opp Dis
5/22/2021,W2C,Walford,FIRE,W2C.2,18,Unknown sp. 2,NA,UNDETERMINED,opp dis
9/2/2020,NSTODD,MASON,CONTROL,NSTODD.2,28,Unknown sp. 3,NA,UNDETERMINED,"Date is inferred, QUAM"
5/22/2021,W2C,Ellora,FIRE,W2C.3,6,Unknown sp. 4,NA,UNDETERMINED,saw-like
5/22/2021,WZ2,Walford,FIRE,WZ2.3,14,Unknown sp. 5,NA,UNDETERMINED,thsp
5/22/2021,WZ2,Walford,FIRE,WZ2.3,23,Unknown sp. 5,NA,UNDETERMINED,thsp
5/22/2021,W2C,Enrique,FIRE,W2C.1,6,Unknown sp. 5,NA,UNDETERMINED,Thsp
5/22/2021,W2C,Enrique,FIRE,W2C.1,10,Unknown sp. 5,NA,UNDETERMINED,Thsp
5/22/2021,WZ2,Stuart ,FIRE,WZ2.1,5,Urtica dioica,N,UNDETERMINED,Stinging Nettle
5/22/2021,WZ2,Stuart ,FIRE,WZ2.1,7,Urtica dioica,N,UNDETERMINED,Stinging Nettle 
5/22/2021,WZ2,Stuart ,FIRE,WZ2.1,12,Urtica dioica,N,UNDETERMINED,Stinging Nettle
5/22/2021,WZ2,Stuart ,FIRE,WZ2.1,24,Urtica dioica,N,UNDETERMINED,Stinging Nettle
5/22/2021,WZ2,Pierce,FIRE,WZ2.2,6,Urtica dioica,N,UNDETERMINED,
5/22/2021,WZ2,Pierce,FIRE,WZ2.2,14,Urtica dioica,N,UNDETERMINED,
5/22/2021,WZ2,Pierce,FIRE,WZ2.2,18,Urtica dioica,N,UNDETERMINED,
5/22/2021,WZ2,Pierce,FIRE,WZ2.2,26,Urtica dioica,N,UNDETERMINED,
5/22/2021,WZ2,Walford,FIRE,WZ2.3,7,Urtica dioica,N,UNDETERMINED,
5/22/2021,WZ2,Walford,FIRE,WZ2.3,18,Urtica dioica,N,UNDETERMINED,
5/22/2021,W2C,Walford,FIRE,W2C.2,28,Urtica dioica,N,UNDETERMINED,
5/22/2021,W2C,Ellora,FIRE,W2C.3,22,Urtica dioica,N,UNDETERMINED,