TRIAL,START.DATE,END.DATE,SITE,TREATMENT,TRAP,SPECIES,START.SEEDS,END.SEEDS,NOTES
1,4/6/20,5/4/20,4,B,A,SIAL,10,5,
1,4/6/20,5/4/20,4,B,A,HEAN,10,3,
1,4/6/20,5/4/20,4,B,A,CAAN,10,4,
1,4/6/20,5/4/20,4,B,B,SIAL,10,0,
1,4/6/20,5/4/20,4,B,B,HEAN,10,0,
1,4/6/20,5/4/20,4,B,B,CAAN,10,0,
1,4/6/20,5/4/20,4,B,C,SIAL,10,0,
1,4/6/20,5/4/20,4,B,C,HEAN,10,0,
1,4/6/20,5/4/20,4,B,C,CAAN,10,0,
1,4/6/20,5/4/20,4,C,A,SIAL,10,7,
1,4/6/20,5/4/20,4,C,A,HEAN,10,8,
1,4/6/20,5/4/20,4,C,A,CAAN,10,6,
1,4/6/20,5/4/20,4,C,B,SIAL,10,3,
1,4/6/20,5/4/20,4,C,B,HEAN,10,8,
1,4/6/20,5/4/20,4,C,B,CAAN,10,6,
1,4/6/20,5/4/20,4,C,C,SIAL,10,3,
1,4/6/20,5/4/20,4,C,C,HEAN,10,10,
1,4/6/20,5/4/20,4,C,C,CAAN,10,3,
1,4/6/20,4/15/20,8,B,A,SIAL,10,0,
1,4/6/20,4/15/20,8,B,A,HEAN,10,0,
1,4/6/20,4/15/20,8,B,A,CAAN,10,0,
1,4/6/20,4/15/20,8,B,B,SIAL,10,2,
1,4/6/20,4/15/20,8,B,B,HEAN,10,0,
1,4/6/20,4/15/20,8,B,B,CAAN,10,0,
1,4/6/20,4/15/20,8,B,C,SIAL,10,5,
1,4/6/20,4/15/20,8,B,C,HEAN,10,7,
1,4/6/20,4/15/20,8,B,C,CAAN,10,5,
1,4/6/20,4/15/20,8,C,A,SIAL,10,6,
1,4/6/20,4/15/20,8,C,A,HEAN,10,9,
1,4/6/20,4/15/20,8,C,A,CAAN,10,8,
1,4/6/20,4/15/20,8,C,B,SIAL,10,7,
1,4/6/20,4/15/20,8,C,B,HEAN,10,6,
1,4/6/20,4/15/20,8,C,B,CAAN,10,5,
1,4/6/20,4/15/20,8,C,C,SIAL,10,7,
1,4/6/20,4/15/20,8,C,C,HEAN,10,6,
1,4/6/20,4/15/20,8,C,C,CAAN,10,4,
1,4/7/20,4/15/20,1,B,A,SIAL,10,0,
1,4/7/20,4/15/20,1,B,A,HEAN,10,0,
1,4/7/20,4/15/20,1,B,A,CAAN,10,0,
1,4/15/20,4/30/20,1,B,B,SIAL,10,0,
1,4/15/20,4/30/20,1,B,B,HEAN,10,0,
1,4/15/20,4/30/20,1,B,B,CAAN,10,0,
1,4/15/20,4/30/20,1,B,C,SIAL,10,4,
1,4/15/20,4/30/20,1,B,C,HEAN,10,1,
1,4/15/20,4/30/20,1,B,C,CAAN,10,0,
1,4/7/20,4/15/20,1,C,A,SIAL,10,NA,seed trap blown over
1,4/7/20,4/15/20,1,C,A,HEAN,10,NA,seed trap blown over
1,4/7/20,4/15/20,1,C,A,CAAN,10,NA,seed trap blown over
1,4/7/20,4/15/20,1,C,B,SIAL,10,NA,seed trap blown over
1,4/7/20,4/15/20,1,C,B,HEAN,10,NA,seed trap blown over
1,4/7/20,4/15/20,1,C,B,CAAN,10,NA,seed trap blown over
1,4/7/20,4/15/20,1,C,C,SIAL,10,NA,seed trap blown over
1,4/7/20,4/15/20,1,C,C,HEAN,10,NA,seed trap blown over
1,4/7/20,4/15/20,1,C,C,CAAN,10,NA,seed trap blown over
1,4/7/20,4/15/20,6,B,A,SIAL,10,9,
1,4/7/20,4/15/20,6,B,A,HEAN,10,6,
1,4/7/20,4/15/20,6,B,A,CAAN,10,8,
1,4/7/20,4/15/20,6,B,B,SIAL,10,9,
1,4/7/20,4/15/20,6,B,B,HEAN,10,10,
1,4/7/20,4/15/20,6,B,B,CAAN,10,9,
1,4/7/20,4/15/20,6,B,C,SIAL,10,2,
1,4/7/20,4/15/20,6,B,C,HEAN,10,10,
1,4/7/20,4/15/20,6,B,C,CAAN,10,8,
1,4/7/20,4/15/20,6,C,A,SIAL,10,9,
1,4/7/20,4/15/20,6,C,A,HEAN,10,10,
1,4/7/20,4/15/20,6,C,A,CAAN,10,10,
1,4/7/20,4/15/20,6,C,B,SIAL,10,3,
1,4/7/20,4/15/20,6,C,B,HEAN,10,6,
1,4/7/20,4/15/20,6,C,B,CAAN,10,4,
1,4/7/20,4/15/20,6,C,C,SIAL,10,8,
1,4/7/20,4/15/20,6,C,C,HEAN,10,9,
1,4/7/20,4/15/20,6,C,C,CAAN,10,9,
1,4/7/20,4/15/20,7,C,A,SIAL,10,1,
1,4/7/20,4/15/20,7,C,A,HEAN,10,0,
1,4/7/20,4/15/20,7,C,A,CAAN,10,0,
1,4/7/20,4/15/20,7,C,C,SIAL,10,10,
1,4/7/20,4/15/20,7,C,C,HEAN,10,10,
1,4/7/20,4/15/20,7,C,C,CAAN,10,7,
1,4/15/20,5/4/20,7,B,A,SIAL,10,7,
1,4/15/20,5/4/20,7,B,A,HEAN,10,7,
1,4/15/20,5/4/20,7,B,A,CAAN,10,5,
1,4/15/20,5/4/20,7,B,B,SIAL,10,6,
1,4/15/20,5/4/20,7,B,B,HEAN,10,9,
1,4/15/20,5/4/20,7,B,B,CAAN,10,8,
1,4/15/20,5/4/20,7,B,C,SIAL,10,8,
1,4/15/20,5/4/20,7,B,C,HEAN,10,3,
1,4/15/20,5/4/20,7,B,C,CAAN,10,2,
1,4/15/20,5/4/20,7,C,B,SIAL,10,10,
1,4/15/20,5/4/20,7,C,B,HEAN,10,10,
1,4/15/20,5/4/20,7,C,B,CAAN,10,10,
2,4/30/20,5/12/20,1,C,A,SIAL,10,9,
2,4/30/20,5/12/20,1,C,A,HEAN,10,8,
2,4/30/20,5/12/20,1,C,A,CAAN,10,9,
2,4/30/20,5/12/20,1,C,B,SIAL,10,0,
2,4/30/20,5/12/20,1,C,B,HEAN,10,2,
2,4/30/20,5/12/20,1,C,B,CAAN,10,9,
2,4/30/20,5/12/20,1,C,C,SIAL,10,2,
2,4/30/20,5/12/20,1,C,C,HEAN,10,8,
2,4/30/20,5/12/20,1,C,C,CAAN,10,7,
2,4/15/20,5/4/20,6,B,A,SIAL,10,5,
2,4/15/20,5/4/20,6,B,A,HEAN,10,5,
2,4/15/20,5/4/20,6,B,A,CAAN,10,6,
2,4/15/20,5/4/20,6,B,C,SIAL,10,2,
2,4/15/20,5/4/20,6,B,C,HEAN,10,0,
2,4/15/20,5/4/20,6,B,C,CAAN,10,1,
2,4/15/20,5/4/20,6,C,A,SIAL,10,4,
2,4/15/20,5/4/20,6,C,A,HEAN,10,10,
2,4/15/20,5/4/20,6,C,A,CAAN,10,9,
2,4/15/20,5/4/20,6,C,B,SIAL,10,0,
2,4/15/20,5/4/20,6,C,B,HEAN,10,0,
2,4/15/20,5/4/20,6,C,B,CAAN,10,0,
2,4/15/20,5/4/20,6,C,C,SIAL,10,7,
2,4/15/20,5/4/20,6,C,C,HEAN,10,4,
2,4/15/20,5/4/20,6,C,C,CAAN,10,3,
2,4/15/20,5/4/20,7,C,A,SIAL,10,8,
2,4/15/20,5/4/20,7,C,A,HEAN,10,6,
2,4/15/20,5/4/20,7,C,A,CAAN,10,2,
2,4/15/20,5/4/20,7,C,C,SIAL,10,8,
2,4/15/20,5/4/20,7,C,C,HEAN,10,6,
2,4/15/20,5/4/20,7,C,C,CAAN,10,2,
2,4/15/20,5/4/20,8,B,A,SIAL,10,0,
2,4/15/20,5/4/20,8,B,A,HEAN,10,0,
2,4/15/20,5/4/20,8,B,A,CAAN,10,0,
2,4/15/20,5/4/20,8,B,B,SIAL,10,2,
2,4/15/20,5/4/20,8,B,B,HEAN,10,0,
2,4/15/20,5/4/20,8,B,B,CAAN,10,0,
2,4/15/20,5/4/20,8,B,C,SIAL,10,4,
2,4/15/20,5/4/20,8,B,C,HEAN,10,7,
2,4/15/20,5/4/20,8,B,C,CAAN,10,4,
2,4/15/20,5/4/20,8,C,A,SIAL,10,5,
2,4/15/20,5/4/20,8,C,A,HEAN,10,1,
2,4/15/20,5/4/20,8,C,A,CAAN,10,0,
2,4/15/20,5/4/20,8,C,B,SIAL,10,7,
2,4/15/20,5/4/20,8,C,B,HEAN,10,6,
2,4/15/20,5/4/20,8,C,B,CAAN,10,4,
2,4/15/20,5/4/20,8,C,C,SIAL,10,2,
2,4/15/20,5/4/20,8,C,C,HEAN,10,0,
2,4/15/20,5/4/20,8,C,C,CAAN,10,0,
3,5/8/20,5/14/20,16,B,A,SIAL,10,9,
3,5/8/20,5/14/20,16,B,A,HEAN,10,10,
3,5/8/20,5/14/20,16,B,A,CAAN,10,9,
3,5/8/20,5/14/20,16,B,B,SIAL,10,2,
3,5/8/20,5/14/20,16,B,B,HEAN,10,9,
3,5/8/20,5/14/20,16,B,B,CAAN,10,7,
3,5/8/20,5/14/20,16,B,C,SIAL,10,9,
3,5/8/20,5/14/20,16,B,C,HEAN,10,9,
3,5/8/20,5/14/20,16,B,C,CAAN,10,8,
3,5/8/20,5/14/20,16,C,A,SIAL,10,8,
3,5/8/20,5/14/20,16,C,A,HEAN,10,10,
3,5/8/20,5/14/20,16,C,A,CAAN,10,10,
3,5/8/20,5/14/20,16,C,B,SIAL,10,9,
3,5/8/20,5/14/20,16,C,B,HEAN,10,10,
3,5/8/20,5/14/20,16,C,B,CAAN,10,10,
3,5/8/20,5/14/20,16,C,C,SIAL,10,10,
3,5/8/20,5/14/20,16,C,C,HEAN,10,10,
3,5/8/20,5/12/20,16,C,C,CAAN,10,9,
3,5/8/20,5/14/20,17,B,A,SIAL,10,5,
3,5/8/20,5/14/20,17,B,A,HEAN,10,9,
3,5/8/20,5/14/20,17,B,A,CAAN,10,5,
3,5/8/20,5/14/20,17,B,B,SIAL,10,7,
3,5/8/20,5/14/20,17,B,B,HEAN,10,5,
3,5/8/20,5/14/20,17,B,B,CAAN,10,3,
3,5/8/20,5/14/20,17,B,C,SIAL,10,8,
3,5/8/20,5/14/20,17,B,C,HEAN,10,10,
3,5/8/20,5/14/20,17,B,C,CAAN,10,8,
3,5/8/20,5/14/20,17,C,A,SIAL,10,8,
3,5/8/20,5/14/20,17,C,A,HEAN,10,10,
3,5/8/20,5/14/20,17,C,A,CAAN,10,8,
3,5/8/20,5/14/20,17,C,B,SIAL,10,8,
3,5/8/20,5/14/20,17,C,B,HEAN,10,10,
3,5/8/20,5/14/20,17,C,B,CAAN,10,10,
3,5/8/20,5/14/20,17,C,C,SIAL,10,10,
3,5/8/20,5/14/20,17,C,C,HEAN,10,8,
3,5/8/20,5/14/20,17,C,C,CAAN,10,10,
3,5/4/20,5/12/20,1,B,A,SIAL,10,0,
3,5/4/20,5/12/20,1,B,A,HEAN,10,0,
3,5/4/20,5/12/20,1,B,A,CAAN,10,0,
3,5/4/20,5/12/20,1,B,B,SIAL,10,0,
3,5/4/20,5/12/20,1,B,B,HEAN,10,0,
3,5/4/20,5/12/20,1,B,B,CAAN,10,0,
3,5/4/20,5/12/20,1,B,C,SIAL,10,4,
3,5/4/20,5/12/20,1,B,C,HEAN,10,1,
3,5/4/20,5/12/20,1,B,C,CAAN,10,0,
3,5/4/20,5/12/20,4,B,A,SIAL,10,4,
3,5/4/20,5/12/20,4,B,A,HEAN,10,3,
3,5/4/20,5/12/20,4,B,A,CAAN,10,4,
3,5/4/20,5/12/20,4,B,B,SIAL,10,0,
3,5/4/20,5/12/20,4,B,B,HEAN,10,0,
3,5/4/20,5/12/20,4,B,B,CAAN,10,0,
3,5/4/20,5/12/20,4,B,C,SIAL,10,0,
3,5/4/20,5/12/20,4,B,C,HEAN,10,0,
3,5/4/20,5/12/20,4,B,C,CAAN,10,0,
3,5/4/20,5/12/20,4,C,A,SIAL,10,10,
3,5/4/20,5/12/20,4,C,A,HEAN,10,10,
3,5/4/20,5/12/20,4,C,A,CAAN,10,9,
3,5/4/20,5/12/20,4,C,B,SIAL,10,3,
3,5/4/20,5/12/20,4,C,B,HEAN,10,8,
3,5/4/20,5/12/20,4,C,B,CAAN,10,8,
3,5/4/20,5/12/20,4,C,C,SIAL,10,7,
3,5/4/20,5/12/20,4,C,C,HEAN,10,8,
3,5/4/20,5/12/20,4,C,C,CAAN,10,3,
3,5/4/20,5/12/20,6,B,A,SIAL,10,7,
3,5/4/20,5/12/20,6,B,A,HEAN,10,6,
3,5/4/20,5/12/20,6,B,A,CAAN,10,8,
3,5/4/20,5/12/20,6,B,B,SIAL,10,8,
3,5/4/20,5/12/20,6,B,B,HEAN,10,9,
3,5/4/20,5/12/20,6,B,B,CAAN,10,10,
3,5/4/20,5/12/20,6,B,C,SIAL,10,2,
3,5/4/20,5/12/20,6,B,C,HEAN,10,0,
3,5/4/20,5/12/20,6,B,C,CAAN,10,1,
3,5/4/20,5/12/20,6,C,A,SIAL,10,5,
3,5/4/20,5/12/20,6,C,A,HEAN,10,9,
3,5/4/20,5/12/20,6,C,A,CAAN,10,9,
3,5/4/20,5/12/20,6,C,B,SIAL,10,1,
3,5/4/20,5/12/20,6,C,B,HEAN,10,1,
3,5/4/20,5/12/20,6,C,B,CAAN,10,0,
3,5/4/20,5/12/20,6,C,C,SIAL,10,4,
3,5/4/20,5/12/20,6,C,C,HEAN,10,4,
3,5/4/20,5/12/20,6,C,C,CAAN,10,5,
3,5/4/20,5/12/20,7,B,A,SIAL,10,10,
3,5/4/20,5/12/20,7,B,A,HEAN,10,10,
3,5/4/20,5/12/20,7,B,A,CAAN,10,5,
3,5/4/20,5/12/20,7,B,B,SIAL,10,9,
3,5/4/20,5/12/20,7,B,B,HEAN,10,9,
3,5/4/20,5/12/20,7,B,B,CAAN,10,9,
3,5/4/20,5/12/20,7,B,C,SIAL,10,8,
3,5/4/20,5/12/20,7,B,C,HEAN,10,3,
3,5/4/20,5/12/20,7,B,C,CAAN,10,1,
3,5/4/20,5/12/20,7,C,A,SIAL,10,0,
3,5/4/20,5/12/20,7,C,A,HEAN,10,0,
3,5/4/20,5/12/20,7,C,A,CAAN,10,0,
3,5/4/20,5/12/20,7,C,B,SIAL,10,0,
3,5/4/20,5/12/20,7,C,B,HEAN,10,0,
3,5/4/20,5/12/20,7,C,B,CAAN,10,1,
3,5/4/20,5/12/20,7,C,C,SIAL,10,8,
3,5/4/20,5/12/20,7,C,C,HEAN,10,7,
3,5/4/20,5/12/20,7,C,C,CAAN,10,3,
3,5/4/20,5/12/20,8,B,A,SIAL,10,2,
3,5/4/20,5/12/20,8,B,A,HEAN,10,0,
3,5/4/20,5/12/20,8,B,A,CAAN,10,0,
3,5/4/20,5/12/20,8,B,B,SIAL,10,2,
3,5/4/20,5/12/20,8,B,B,HEAN,10,0,
3,5/4/20,5/12/20,8,B,B,CAAN,10,0,
3,5/4/20,5/12/20,8,B,C,SIAL,10,5,
3,5/4/20,5/12/20,8,B,C,HEAN,10,6,
3,5/4/20,5/12/20,8,B,C,CAAN,10,4,
3,5/4/20,5/12/20,8,C,A,SIAL,10,4,
3,5/4/20,5/12/20,8,C,A,HEAN,10,0,
3,5/4/20,5/12/20,8,C,A,CAAN,10,1,
3,5/4/20,5/12/20,8,C,B,SIAL,10,8,
3,5/4/20,5/12/20,8,C,B,HEAN,10,5,
3,5/4/20,5/12/20,8,C,B,CAAN,10,6,
3,5/4/20,5/12/20,8,C,C,SIAL,10,1,
3,5/4/20,5/12/20,8,C,C,HEAN,10,0,
3,5/4/20,5/12/20,8,C,C,CAAN,10,0,
4,5/12/20,5/23/20,1,B,A,SIAL,10,0,
4,5/12/20,5/23/20,1,B,A,HEAN,10,0,
4,5/12/20,5/23/20,1,B,A,CAAN,10,0,
4,5/12/20,5/23/20,1,B,B,SIAL,10,0,
4,5/12/20,5/23/20,1,B,B,HEAN,10,0,
4,5/12/20,5/23/20,1,B,B,CAAN,10,0,
4,5/12/20,5/23/20,1,B,C,SIAL,10,0,
4,5/12/20,5/23/20,1,B,C,HEAN,10,1,
4,5/12/20,5/23/20,1,B,C,CAAN,10,0,
4,5/12/20,5/23/20,1,C,A,SIAL,10,1,
4,5/12/20,5/23/20,1,C,A,HEAN,10,0,
4,5/12/20,5/23/20,1,C,A,CAAN,10,1,
4,5/12/20,5/23/20,1,C,B,SIAL,10,9,
4,5/12/20,5/23/20,1,C,B,HEAN,10,8,
4,5/12/20,5/23/20,1,C,B,CAAN,10,10,
4,5/12/20,5/23/20,1,C,C,SIAL,10,2,
4,5/12/20,5/23/20,1,C,C,HEAN,10,8,
4,5/12/20,5/23/20,1,C,C,CAAN,10,6,
4,5/12/20,5/23/20,4,B,A,SIAL,10,4,
4,5/12/20,5/23/20,4,B,A,HEAN,10,4,
4,5/12/20,5/23/20,4,B,A,CAAN,10,5,
4,5/12/20,5/23/20,4,B,B,SIAL,10,0,
4,5/12/20,5/23/20,4,B,B,HEAN,10,0,
4,5/12/20,5/23/20,4,B,B,CAAN,10,0,
4,5/12/20,5/23/20,4,B,C,SIAL,10,0,
4,5/12/20,5/23/20,4,B,C,HEAN,10,0,
4,5/12/20,5/23/20,4,B,C,CAAN,10,0,
4,5/12/20,5/23/20,4,C,A,SIAL,10,7,
4,5/12/20,5/23/20,4,C,A,HEAN,10,10,
4,5/12/20,5/23/20,4,C,A,CAAN,10,10,
4,5/12/20,5/23/20,4,C,B,SIAL,10,3,
4,5/12/20,5/23/20,4,C,B,HEAN,10,6,
4,5/12/20,5/23/20,4,C,B,CAAN,10,7,
4,5/12/20,5/23/20,4,C,C,SIAL,10,6,
4,5/12/20,5/23/20,4,C,C,HEAN,10,8,
4,5/12/20,5/23/20,4,C,C,CAAN,10,3,
4,5/12/20,5/23/20,6,B,A,SIAL,10,7,
4,5/12/20,5/23/20,6,B,A,HEAN,10,6,
4,5/12/20,5/23/20,6,B,A,CAAN,10,9,
4,5/12/20,5/23/20,6,B,B,SIAL,10,4,
4,5/12/20,5/23/20,6,B,B,HEAN,10,7,
4,5/12/20,5/23/20,6,B,B,CAAN,10,9,
4,5/12/20,5/23/20,6,B,C,SIAL,10,1,
4,5/12/20,5/23/20,6,B,C,HEAN,10,0,
4,5/12/20,5/23/20,6,B,C,CAAN,10,1,
4,5/12/20,5/23/20,6,C,A,SIAL,10,1,
4,5/12/20,5/23/20,6,C,A,HEAN,10,10,
4,5/12/20,5/23/20,6,C,A,CAAN,10,9,
4,5/12/20,5/23/20,6,C,B,SIAL,10,0,
4,5/12/20,5/23/20,6,C,B,HEAN,10,1,
4,5/12/20,5/23/20,6,C,B,CAAN,10,0,
4,5/12/20,5/23/20,6,C,C,SIAL,10,5,
4,5/12/20,5/23/20,6,C,C,HEAN,10,4,
4,5/12/20,5/23/20,6,C,C,CAAN,10,4,
4,5/12/20,5/23/20,7,B,A,SIAL,10,5,
4,5/12/20,5/23/20,7,B,A,HEAN,10,8,
4,5/12/20,5/23/20,7,B,A,CAAN,10,7,
4,5/12/20,5/23/20,7,B,B,SIAL,10,7,
4,5/12/20,5/23/20,7,B,B,HEAN,10,9,
4,5/12/20,5/23/20,7,B,B,CAAN,10,6,
4,5/12/20,5/23/20,7,B,C,SIAL,10,9,
4,5/12/20,5/23/20,7,B,C,HEAN,10,3,
4,5/12/20,5/23/20,7,B,C,CAAN,10,2,
4,5/12/20,5/23/20,7,C,A,SIAL,10,0,
4,5/12/20,5/23/20,7,C,A,HEAN,10,0,
4,5/12/20,5/23/20,7,C,A,CAAN,10,0,
4,5/12/20,5/23/20,7,C,B,SIAL,10,0,
4,5/12/20,5/23/20,7,C,B,HEAN,10,0,
4,5/12/20,5/23/20,7,C,B,CAAN,10,1,
4,5/12/20,5/23/20,7,C,C,SIAL,10,2,
4,5/12/20,5/23/20,7,C,C,HEAN,10,7,
4,5/12/20,5/23/20,7,C,C,CAAN,10,2,
4,5/12/20,5/23/20,8,B,A,SIAL,10,0,
4,5/12/20,5/23/20,8,B,A,HEAN,10,0,
4,5/12/20,5/23/20,8,B,A,CAAN,10,0,
4,5/12/20,5/23/20,8,B,B,SIAL,10,0,
4,5/12/20,5/23/20,8,B,B,HEAN,10,0,
4,5/12/20,5/23/20,8,B,B,CAAN,10,0,
4,5/12/20,5/23/20,8,B,C,SIAL,10,4,
4,5/12/20,5/23/20,8,B,C,HEAN,10,7,
4,5/12/20,5/23/20,8,B,C,CAAN,10,3,
4,5/12/20,5/23/20,8,C,A,SIAL,10,2,
4,5/12/20,5/23/20,8,C,A,HEAN,10,0,
4,5/12/20,5/23/20,8,C,A,CAAN,10,0,
4,5/12/20,5/23/20,8,C,B,SIAL,10,5,
4,5/12/20,5/23/20,8,C,B,HEAN,10,6,
4,5/12/20,5/23/20,8,C,B,CAAN,10,3,
4,5/12/20,5/23/20,8,C,C,SIAL,10,0,
4,5/12/20,5/23/20,8,C,C,HEAN,10,0,
4,5/12/20,5/23/20,8,C,C,CAAN,10,0,
4,5/12/20,5/23/20,16,B,A,SIAL,10,9,
4,5/14/20,5/23/20,16,B,A,HEAN,10,9,
4,5/14/20,5/23/20,16,B,A,CAAN,10,8,
4,5/14/20,5/23/20,16,B,B,SIAL,10,1,
4,5/14/20,5/23/20,16,B,B,HEAN,10,9,
4,5/14/20,5/23/20,16,B,B,CAAN,10,4,
4,5/14/20,5/23/20,16,B,C,SIAL,10,7,
4,5/14/20,5/23/20,16,B,C,HEAN,10,8,
4,5/14/20,5/23/20,16,B,C,CAAN,10,6,
4,5/14/20,5/23/20,16,C,A,SIAL,10,9,
4,5/14/20,5/23/20,16,C,A,HEAN,10,10,
4,5/14/20,5/23/20,16,C,A,CAAN,10,10,
4,5/14/20,5/23/20,16,C,B,SIAL,10,10,
4,5/14/20,5/23/20,16,C,B,HEAN,10,10,
4,5/14/20,5/23/20,16,C,B,CAAN,10,8,
4,5/14/20,5/23/20,16,C,C,SIAL,10,10,
4,5/14/20,5/23/20,16,C,C,HEAN,10,10,
4,5/14/20,5/23/20,16,C,C,CAAN,10,9,
4,5/14/20,5/23/20,17,B,A,SIAL,10,3,
4,5/14/20,5/23/20,17,B,A,HEAN,10,2,
4,5/14/20,5/23/20,17,B,A,CAAN,10,3,
4,5/14/20,5/23/20,17,B,B,SIAL,10,0,
4,5/14/20,5/23/20,17,B,B,HEAN,10,1,
4,5/14/20,5/23/20,17,B,B,CAAN,10,0,
4,5/14/20,5/23/20,17,B,C,SIAL,10,5,
4,5/14/20,5/23/20,17,B,C,HEAN,10,1,
4,5/14/20,5/23/20,17,B,C,CAAN,10,4,
4,5/14/20,5/23/20,17,C,A,SIAL,10,9,
4,5/14/20,5/23/20,17,C,A,HEAN,10,10,
4,5/14/20,5/23/20,17,C,A,CAAN,10,6,
4,5/14/20,5/23/20,17,C,B,SIAL,10,10,
4,5/14/20,5/23/20,17,C,B,HEAN,10,10,
4,5/14/20,5/23/20,17,C,B,CAAN,10,8,
4,5/14/20,5/23/20,17,C,C,SIAL,10,10,
4,5/14/20,5/23/20,17,C,C,HEAN,10,9,
4,5/14/20,5/23/20,17,C,C,CAAN,10,10,
5,6/5/20,6/24/20,4,B,A,SIAL,10,2,
5,6/5/20,6/24/20,4,B,A,HEAN,10,8,
5,6/5/20,6/24/20,4,B,A,CAAN,10,7,
5,6/5/20,6/24/20,4,B,B,SIAL,10,6,
5,6/5/20,6/24/20,4,B,B,HEAN,10,9,
5,6/5/20,6/24/20,4,B,B,CAAN,10,10,
5,6/5/20,6/24/20,4,B,C,SIAL,10,2,
5,6/5/20,6/24/20,4,B,C,HEAN,10,9,
5,6/5/20,6/24/20,4,B,C,CAAN,10,10,
5,6/5/20,6/24/20,4,C,A,SIAL,10,2,
5,6/5/20,6/24/20,4,C,A,HEAN,10,9,
5,6/5/20,6/24/20,4,C,A,CAAN,10,9,
5,6/5/20,6/24/20,4,C,B,SIAL,10,1,
5,6/5/20,6/24/20,4,C,B,HEAN,10,7,
5,6/5/20,6/24/20,4,C,B,CAAN,10,10,
5,6/5/20,6/24/20,4,C,C,SIAL,10,0,
5,6/5/20,6/24/20,4,C,C,HEAN,10,0,
5,6/5/20,6/24/20,4,C,C,CAAN,10,0,
5,6/5/20,6/24/20,6,B,A,SIAL,10,2,
5,6/5/20,6/24/20,6,B,A,HEAN,10,0,
5,6/5/20,6/24/20,6,B,A,CAAN,10,10,
5,6/5/20,6/24/20,6,B,B,SIAL,10,2,
5,6/5/20,6/24/20,6,B,B,HEAN,10,0,
5,6/5/20,6/24/20,6,B,B,CAAN,10,7,
5,6/5/20,6/24/20,6,B,C,SIAL,10,0,
5,6/5/20,6/24/20,6,B,C,HEAN,10,10,
5,6/5/20,6/24/20,6,B,C,CAAN,10,10,
5,6/5/20,6/24/20,6,C,A,SIAL,10,1,
5,6/5/20,6/24/20,6,C,A,HEAN,10,10,
5,6/5/20,6/24/20,6,C,A,CAAN,10,8,
5,6/5/20,6/24/20,6,C,B,SIAL,10,3,
5,6/5/20,6/24/20,6,C,B,HEAN,10,9,
5,6/5/20,6/24/20,6,C,B,CAAN,10,10,
5,6/5/20,6/24/20,6,C,C,SIAL,10,8,
5,6/5/20,6/24/20,6,C,C,HEAN,10,10,
5,6/5/20,6/24/20,6,C,C,CAAN,10,10,
5,6/5/20,6/23/20,8,B,A,SIAL,10,3,
5,6/5/20,6/23/20,8,B,A,HEAN,10,8,
5,6/5/20,6/23/20,8,B,A,CAAN,10,9,
5,6/5/20,6/23/20,8,B,B,SIAL,10,10,
5,6/5/20,6/23/20,8,B,B,HEAN,10,10,
5,6/5/20,6/23/20,8,B,B,CAAN,10,10,
5,6/5/20,6/23/20,8,B,C,SIAL,10,8,
5,6/5/20,6/23/20,8,B,C,HEAN,10,9,
5,6/5/20,6/23/20,8,B,C,CAAN,10,10,
5,6/5/20,6/23/20,8,C,A,SIAL,10,4,
5,6/5/20,6/23/20,8,C,A,HEAN,10,0,
5,6/5/20,6/23/20,8,C,A,CAAN,10,10,
5,6/5/20,6/23/20,8,C,B,SIAL,10,10,
5,6/5/20,6/23/20,8,C,B,HEAN,10,10,
5,6/5/20,6/23/20,8,C,B,CAAN,10,9,
5,6/5/20,6/23/20,8,C,C,SIAL,10,0,
5,6/5/20,6/23/20,8,C,C,HEAN,10,0,
5,6/5/20,6/23/20,8,C,C,CAAN,10,0,
5,6/5/20,6/24/20,16,B,A,SIAL,10,4,
5,6/5/20,6/24/20,16,B,A,HEAN,10,5,
5,6/5/20,6/24/20,16,B,A,CAAN,10,5,
5,6/5/20,6/24/20,16,B,B,SIAL,10,1,
5,6/5/20,6/24/20,16,B,B,HEAN,10,1,
5,6/5/20,6/24/20,16,B,B,CAAN,10,4,
5,6/5/20,6/24/20,16,B,C,SIAL,10,2,
5,6/5/20,6/24/20,16,B,C,HEAN,10,9,
5,6/5/20,6/24/20,16,B,C,CAAN,10,10,
5,6/5/20,6/24/20,16,C,A,SIAL,10,8,
5,6/5/20,6/24/20,16,C,A,HEAN,10,10,
5,6/5/20,6/24/20,16,C,A,CAAN,10,9,
5,6/5/20,6/24/20,16,C,B,SIAL,10,5,
5,6/5/20,6/24/20,16,C,B,HEAN,10,10,
5,6/5/20,6/24/20,16,C,B,CAAN,10,9,
5,6/5/20,6/24/20,16,C,C,SIAL,10,4,
5,6/5/20,6/24/20,16,C,C,HEAN,10,9,
5,6/5/20,6/24/20,16,C,C,CAAN,10,8,
5,6/8/20,6/23/20,1,B,A,SIAL,10,10,
5,6/8/20,6/23/20,1,B,A,HEAN,10,9,
5,6/8/20,6/23/20,1,B,A,CAAN,10,8,
5,6/8/20,6/23/20,1,B,B,SIAL,10,10,
5,6/8/20,6/23/20,1,B,B,HEAN,10,9,
5,6/8/20,6/23/20,1,B,B,CAAN,10,10,
5,6/8/20,6/23/20,1,B,C,SIAL,10,8,
5,6/8/20,6/23/20,1,B,C,HEAN,10,10,
5,6/8/20,6/23/20,1,B,C,CAAN,10,9,
5,6/8/20,6/23/20,1,C,A,SIAL,9,7,
5,6/8/20,6/23/20,1,C,A,HEAN,10,6,
5,6/8/20,6/23/20,1,C,A,CAAN,10,9,
5,6/8/20,6/23/20,1,C,B,SIAL,10,7,
5,6/8/20,6/23/20,1,C,B,HEAN,10,5,
5,6/8/20,6/23/20,1,C,B,CAAN,10,9,
5,6/8/20,6/23/20,1,C,C,SIAL,10,10,
5,6/8/20,6/23/20,1,C,C,HEAN,10,9,
5,6/8/20,6/23/20,1,C,C,CAAN,10,10,
5,6/8/20,6/23/20,7,B,A,SIAL,10,10,
5,6/8/20,6/23/20,7,B,A,HEAN,10,8,
5,6/8/20,6/23/20,7,B,A,CAAN,10,7,
5,6/8/20,6/23/20,7,B,B,SIAL,10,6,
5,6/8/20,6/23/20,7,B,B,HEAN,10,7,
5,6/8/20,6/23/20,7,B,B,CAAN,10,9,
5,6/8/20,6/23/20,7,B,C,SIAL,10,7,
5,6/8/20,6/23/20,7,B,C,HEAN,10,9,
5,6/8/20,6/23/20,7,B,C,CAAN,10,9,
5,6/8/20,6/23/20,7,C,A,SIAL,10,8,
5,6/8/20,6/23/20,7,C,A,HEAN,10,7,
5,6/8/20,6/23/20,7,C,A,CAAN,10,7,
5,6/8/20,6/23/20,7,C,B,SIAL,10,9,
5,6/8/20,6/23/20,7,C,B,HEAN,10,7,
5,6/8/20,6/23/20,7,C,B,CAAN,10,2,
5,6/8/20,6/23/20,7,C,C,SIAL,10,10,
5,6/8/20,6/23/20,7,C,C,HEAN,10,10,
5,6/8/20,6/23/20,7,C,C,CAAN,10,7,
5,6/8/20,6/23/20,17,B,A,SIAL,10,6,
5,6/8/20,6/23/20,17,B,A,HEAN,10,0,
5,6/8/20,6/23/20,17,B,A,CAAN,10,0,
5,6/8/20,6/23/20,17,B,B,SIAL,10,7,
5,6/8/20,6/23/20,17,B,B,HEAN,10,7,
5,6/8/20,6/23/20,17,B,B,CAAN,10,6,
5,6/8/20,6/23/20,17,B,C,SIAL,10,7,
5,6/8/20,6/23/20,17,B,C,HEAN,10,10,
5,6/8/20,6/23/20,17,B,C,CAAN,10,7,
5,6/8/20,6/23/20,17,C,A,SIAL,10,9,
5,6/8/20,6/23/20,17,C,A,HEAN,10,10,
5,6/8/20,6/23/20,17,C,A,CAAN,10,10,
5,6/8/20,6/23/20,17,C,B,SIAL,10,6,
5,6/8/20,6/23/20,17,C,B,HEAN,10,10,
5,6/8/20,6/23/20,17,C,B,CAAN,10,7,
5,6/8/20,6/23/20,17,C,C,SIAL,10,10,
5,6/8/20,6/23/20,17,C,C,HEAN,10,10,
5,6/8/20,6/23/20,17,C,C,CAAN,10,8,
6,7/5/20,7/26/20,1,B,A,SIAL,10,0,
6,7/5/20,7/26/20,1,B,A,HEAN,10,1,
6,7/5/20,7/26/20,1,B,A,CAAN,10,0,
6,7/5/20,7/26/20,1,B,B,SIAL,10,5,
6,7/5/20,7/26/20,1,B,B,HEAN,10,8,
6,7/5/20,7/26/20,1,B,B,CAAN,10,2,
6,7/5/20,7/26/20,1,B,C,SIAL,10,0,
6,7/5/20,7/26/20,1,B,C,HEAN,10,0,
6,7/5/20,7/26/20,1,B,C,CAAN,10,0,
6,7/5/20,7/26/20,1,C,A,SIAL,9,7,
6,7/5/20,7/26/20,1,C,A,HEAN,10,9,
6,7/5/20,7/26/20,1,C,A,CAAN,10,9,
6,7/5/20,7/26/20,1,C,B,SIAL,10,3,
6,7/5/20,7/26/20,1,C,B,HEAN,10,6,
6,7/5/20,7/26/20,1,C,B,CAAN,10,8,
6,7/5/20,7/26/20,1,C,C,SIAL,10,1,
6,7/5/20,7/26/20,1,C,C,HEAN,10,0,
6,7/5/20,7/26/20,1,C,C,CAAN,10,0,
6,7/7/20,7/25/20,4,B,A,SIAL,10,2,
6,7/7/20,7/25/20,4,B,A,HEAN,10,0,
6,7/7/20,7/25/20,4,B,A,CAAN,10,1,
6,7/7/20,7/25/20,4,B,B,SIAL,10,7,
6,7/7/20,7/25/20,4,B,B,HEAN,10,0,
6,7/7/20,7/25/20,4,B,B,CAAN,10,6,
6,7/7/20,7/25/20,4,B,C,SIAL,10,4,
6,7/7/20,7/25/20,4,B,C,HEAN,10,1,
6,7/7/20,7/25/20,4,B,C,CAAN,10,0,
6,7/7/20,7/25/20,4,C,A,SIAL,10,5,
6,7/7/20,7/25/20,4,C,A,HEAN,10,0,
6,7/7/20,7/25/20,4,C,A,CAAN,10,1,
6,7/7/20,7/25/20,4,C,B,SIAL,10,3,
6,7/7/20,7/25/20,4,C,B,HEAN,10,0,
6,7/7/20,7/25/20,4,C,B,CAAN,10,1,
6,7/7/20,7/25/20,4,C,C,SIAL,10,8,
6,7/7/20,7/25/20,4,C,C,HEAN,10,8,
6,7/7/20,7/25/20,4,C,C,CAAN,10,10,
6,7/7/20,7/26/20,6,B,A,SIAL,10,2,
6,7/7/20,7/26/20,6,B,A,HEAN,10,5,
6,7/7/20,7/26/20,6,B,A,CAAN,10,10,
6,7/7/20,7/26/20,6,B,B,SIAL,10,2,
6,7/7/20,7/26/20,6,B,B,HEAN,10,10,
6,7/7/20,7/26/20,6,B,B,CAAN,10,10,
6,7/7/20,7/26/20,6,B,C,SIAL,10,2,
6,7/7/20,7/26/20,6,B,C,HEAN,10,9,
6,7/7/20,7/26/20,6,B,C,CAAN,10,10,
6,7/7/20,7/26/20,6,C,A,SIAL,10,0,
6,7/7/20,7/26/20,6,C,A,HEAN,10,0,
6,7/7/20,7/26/20,6,C,A,CAAN,10,4,
6,7/7/20,7/26/20,6,C,B,SIAL,10,1,
6,7/7/20,7/26/20,6,C,B,HEAN,10,4,
6,7/7/20,7/26/20,6,C,B,CAAN,10,1,
6,7/7/20,7/26/20,6,C,C,SIAL,10,1,
6,7/7/20,7/26/20,6,C,C,HEAN,10,9,
6,7/7/20,7/26/20,6,C,C,CAAN,10,5,
6,7/5/20,7/26/20,7,B,A,SIAL,10,2,
6,7/5/20,7/26/20,7,B,A,HEAN,10,4,
6,7/5/20,7/26/20,7,B,A,CAAN,10,5,
6,7/5/20,7/26/20,7,B,B,SIAL,10,1,
6,7/5/20,7/26/20,7,B,B,HEAN,10,4,
6,7/5/20,7/26/20,7,B,B,CAAN,10,5,
6,7/5/20,7/26/20,7,B,C,SIAL,10,0,
6,7/5/20,7/26/20,7,B,C,HEAN,10,7,
6,7/5/20,7/26/20,7,B,C,CAAN,10,8,
6,7/5/20,7/26/20,7,C,A,SIAL,10,3,
6,7/5/20,7/26/20,7,C,A,HEAN,10,6,
6,7/5/20,7/26/20,7,C,A,CAAN,10,9,
6,7/5/20,7/26/20,7,C,B,SIAL,10,5,
6,7/5/20,7/26/20,7,C,B,HEAN,10,9,
6,7/5/20,7/26/20,7,C,B,CAAN,10,8,
6,7/5/20,7/26/20,7,C,C,SIAL,10,0,
6,7/5/20,7/26/20,7,C,C,HEAN,10,4,
6,7/5/20,7/26/20,7,C,C,CAAN,10,4,
6,7/5/20,7/24/20,8,B,A,SIAL,10,9,
6,7/5/20,7/24/20,8,B,A,HEAN,10,10,
6,7/5/20,7/24/20,8,B,A,CAAN,10,10,
6,7/5/20,7/24/20,8,B,B,SIAL,10,0,
6,7/5/20,7/24/20,8,B,B,HEAN,10,2,
6,7/5/20,7/24/20,8,B,B,CAAN,10,3,
6,7/5/20,7/24/20,8,B,C,SIAL,10,0,
6,7/5/20,7/24/20,8,B,C,HEAN,10,6,
6,7/5/20,7/24/20,8,B,C,CAAN,10,9,
6,7/5/20,7/24/20,8,C,A,SIAL,10,4,
6,7/5/20,7/24/20,8,C,A,HEAN,10,9,
6,7/5/20,7/24/20,8,C,A,CAAN,10,10,
6,7/5/20,7/24/20,8,C,B,SIAL,10,1,
6,7/5/20,7/24/20,8,C,B,HEAN,10,9,
6,7/5/20,7/24/20,8,C,B,CAAN,10,10,
6,7/5/20,7/24/20,8,C,C,SIAL,10,1,
6,7/5/20,7/24/20,8,C,C,HEAN,10,5,
6,7/5/20,7/24/20,8,C,C,CAAN,10,5,
6,7/7/20,7/25/20,16,B,A,SIAL,10,8,
6,7/7/20,7/25/20,16,B,A,HEAN,10,9,
6,7/7/20,7/25/20,16,B,A,CAAN,10,7,
6,7/7/20,7/25/20,16,B,B,SIAL,10,7,
6,7/7/20,7/25/20,16,B,B,HEAN,10,8,
6,7/7/20,7/25/20,16,B,B,CAAN,10,8,
6,7/7/20,7/25/20,16,B,C,SIAL,10,8,
6,7/7/20,7/25/20,16,B,C,HEAN,10,6,
6,7/7/20,7/25/20,16,B,C,CAAN,10,3,
6,7/7/20,7/25/20,16,C,A,SIAL,10,5,
6,7/7/20,7/25/20,16,C,A,HEAN,10,6,
6,7/7/20,7/25/20,16,C,A,CAAN,10,1,
6,7/7/20,7/25/20,16,C,B,SIAL,10,10,
6,7/7/20,7/25/20,16,C,B,HEAN,10,10,
6,7/7/20,7/25/20,16,C,B,CAAN,10,10,
6,7/7/20,7/25/20,16,C,C,SIAL,10,5,
6,7/7/20,7/25/20,16,C,C,HEAN,10,6,
6,7/7/20,7/25/20,16,C,C,CAAN,10,3,
6,7/5/20,7/26/20,17,B,A,SIAL,10,0,
6,7/5/20,7/26/20,17,B,A,HEAN,10,2,
6,7/5/20,7/26/20,17,B,A,CAAN,10,1,
6,7/5/20,7/26/20,17,B,B,SIAL,10,3,
6,7/5/20,7/26/20,17,B,B,HEAN,10,5,
6,7/5/20,7/26/20,17,B,B,CAAN,10,0,
6,7/5/20,7/26/20,17,B,C,SIAL,10,3,
6,7/5/20,7/26/20,17,B,C,HEAN,10,7,
6,7/5/20,7/26/20,17,B,C,CAAN,10,10,
6,7/5/20,7/26/20,17,C,A,SIAL,10,1,
6,7/5/20,7/26/20,17,C,A,HEAN,10,7,
6,7/5/20,7/26/20,17,C,A,CAAN,10,6,
6,7/5/20,7/26/20,17,C,B,SIAL,10,2,
6,7/5/20,7/26/20,17,C,B,HEAN,10,6,
6,7/5/20,7/26/20,17,C,B,CAAN,10,6,
6,7/5/20,7/26/20,17,C,C,SIAL,10,0,
6,7/5/20,7/26/20,17,C,C,HEAN,10,3,
6,7/5/20,7/26/20,17,C,C,CAAN,10,0,